name,description,address,email,phone,website,type
English (United Kingdom)  German  Parco naturale Doss Trento,"Il Doss Trento; residuato dell'età glaciale; caratterizza il panorama di Trento e costituisce un insieme interessante di caratteristiche naturalistiche; storiche e artistiche. 
Nel bosco che ricopre la vasta spianata sommitale si trovano varie specie vegetali; da quelle caratteristiche del bosco ceduo (querce; frassini; celtis australis; robinie) ai cedri; a specie tipicamente mediterranee; come il terebinto e le opunzie. Le tracce di frequentazione vanno dall'epoca preistorica a quella romana e paleocristiana (ruderi della basilica) per continuare nel Medioevo (resti dei baluardi raffigurati da Duerer) nell'Ottocento (fortificazioni austriache) e finire nel Novecento con la strada degli alpini e il mausoleo di Cesare Battisti. Dichiarato area di rilevante interesse naturalistico; è attualmente adibito a parco periurbano.Per informazioni di natura verde ambientale vedi la sezione parchi e giardini del Comune di Trento.",doss trento; 38122 trento,ufficio.verde@comune.trento.it,0461 884528,,natura
Giardino Canova,"Area giochi bimbi con molle; altalene; combinato con tre torri; arrampicata; ponte tibetano e scivoli
attrezzature per lo sport: ping-pong; campo basket e campo volley; scacchiera gigante; campo di bocce. Adiacente: campo da calcio aperto al pubblico
superficie 8.300 m2
Il sobborgo di Canova ha sempre mantenuto l’identità di un paese a sé stante; ed effettivamente è questa l’impressione che si assapora fermandosi nei giardini che ne sono il cuore pulsante. Torme di bambini e numerosi gruppi di ragazze e ragazzi; osservati dagli sguardi austeri degli anziani; sfruttano mattina e sera il parco recentemente ampliato.Questo; grande e articolato; si sviluppa come un vero e proprio snodo del quartiere; complici anche il centro comunitario lì presente; gli affollatissimi campi sportivi al polo opposto e il capolinea degli autobus urbani che vi si affacciano. 
In tutta la sua lunghezza il parco è costeggiato da una roggia che ospita piante igrofile come pioppi; olmi; bambù nani e dei begli esemplari di Taxodium; il cipresso delle paludi. Il resto del parco si sviluppa a stanze successive; di volta in volta protette da quinte vegetali (bella la seduta all’ombra dai Cornus sanguinea) e dotati una volta di una pergola; l’altra di aree giochi e campi sportivi. Interessante anche la collezione botanica; con sofore; noci neri; ailanti ombrosi ma anche tanti aceri di molte specie e numerose piante autoctone come viburni; rose e biancospini ad arricchire le siepi miste dei perimetri vegetali.",via paludi; via avisio; via della canova gardolo,ufficio.verde@comune.trento.it,,,parco / giardino
Giardino di Spini di Gardolo via del Loghet,Area giochi bambini; campo da calcetto,località spini,ufficio.verde@comune.trento.it,,,parco / giardino
Giardino area bocciofila via Fermi,"Attrezzature: campo da calcetto; campo di bocce
Divieto di accesso ai cani",via fermi,ufficio.verde@comune.trento.it,,,parco / giardino
Giardino Baselga del Bondone Pieve,"Area giochi bimbi con molle; altalene; combinato villaggio indiano con ponte tibetano e capanna
attrezzature per lo sport: ping-pong; campo da bocce
superficie 5.000 m2
divieto di accesso ai cani.
Baselga del Bondone è situata ai piedi del Monte Croce lungo la vecchia strada che porta a Vezzano. All’antica pieve ecclesiastica fu annessa in epoca medievale una canonica; e con questa un prato con orto e un piccolo campo arativo.
Su questi terreni concessi oggi in comodato e che circondano il complesso religioso è stato allestito il giardino pubblico; inaugurato nell’anno 2003; su richiesta della comunità che reclamava il bisogno di spazi di collegamento e aggregazione tra residenti vecchi e nuovi.
Verso sud – tra fontane; giochi per bambini ed un campo da bocce – un vasto prato incorniciato da ciliegi da fiore gode di una vista spettacolare verso il Monte Gazza e la Paganella.Dal sagrato terrazzato della chiesa con imponenti ippocastani; un viottolo acciottolato scende verso Vigolo Baselga; accompagnato da filari di cipressi ed edicole sacre; resti di una antica via crucis. Sul lato opposto; circondato da antiche mura; l’orto di erbe aromatiche è una gioia di profumi e colori (peonie; ortensie rose e piante officinali): invita alla sosta e alla quiete all’ombra delle pergole vitate.",via della chiesa,ufficio.verde@comune.trento.it,,,parco / giardino
Giardino Cadine delle Mele d'oro,"Area giochi bimbi con molle; altalene; combinato “casa sull’albero” con scivolo tunnel; teleferica
attrezzature per lo sport: ping-pong; campo volley; campo bocce
superficie 6.900 m2
Questo giardino sorge nella parte più antica del paese di Cadine; che ha conosciuto una significativa espansione verso nord grazie anche alla deviazione in galleria della strada provinciale che divideva in due questo popoloso agglomerato sulle pendici del Bondone. Il giardino è stato oggetto di alcuni ampliamenti; l’ultimo dei quali si è concluso nel 2015. Il suggestivo nome è tratto da una leggenda locale; riportata da viaggiatori inglesi e francesi di fine ottocento riferita a Sant’Ingenuino e a Sant’Albuino ed è legata al pregio delle mele coltivate a Cadine. Anche grazie al fatto che sorge sulle pendici a ridosso del nucleo storico abitato; questa area verde offre una articolata varietà di spazi organizzati attorno ad un ampio prato centrale dove domina una grande casa sull’albero; completa di alti scivoli per il gioco dei bambini.
Una teleferica e un campo da pallavolo ampliano l’offerta sportiva; forte del rinnovato campo da bocce con annesso fabbricato gestito dalle locali associazioni. Il giardino conserva la suggestione del tradizionale allevamento del baco da seta; con bassi e frondosi alberi di gelso che ombreggiano le numerose panchine.Il giardino ospita un ampio campo bocce adiacente alla sede locale degli Alpini.",via della posta; strada di cadine,ufficio.verde@comune.trento.it,,,parco / giardino
Giardino Villa Cavagna,"Attrezzature: area giochi bambini; ping pong
Divieto di accesso ai cani",via della resistenza povo,ufficio.verde@comune.trento.it,,,parco / giardino
Giardino Villazzano Centro Don Onorio Spada,"Attrezzature: area giochi bambini; ping pong; campo basket
Divieto di accesso ai cani
Area verde adiacente il centro sportivo di via Valnigra",via valnigra,ufficio.verde@comune.trento.it,,,parco / giardino
Giardino Aleksandr Isaevič Solženicyn - ex Santa Chiara,"Giochi bimbi con altalene; combinato con scivolo; molle e gioco di equilibrio
superficie 12.200 m2
divieto di accesso ai cani.
Il giardino sorge sull’area che fu lasciata libera dopo il trasferimento della vecchia struttura ospedaliera all’inizio degli anni settanta e che i cittadini richiesero con forza diventasse un polmone verde per la città storica. Nel 1997 è stato ristrutturato su progetto dell’architetto berlinese Regina Poli; nell’ambito di uno scambio professionale tra le due città gemellate.
Si tratta di un giardino molto vissuto; utilizzato anche come attraversamento urbano; interno al complesso S. Chiara di origine conventuale e sul quale si affacciano oggi numerose attrezzature pubbliche – il teatro auditorium del Centro culturale S. Chiara; il centro sportivo S. Chiara – e alcuni edifici oggi in attesa di nuove destinazioni (come il padiglione mensa progettato dall’arch. A. Cecchetto). Durante la bella stagione il giardino è sede di diverse iniziative culturali e spesso ospita un palco per performance musicali.
La successione di spazi verdi su più livelli che compongono il giardino ha il luogo centrale nel grande prato punteggiato da alberature; che raccoglie il gioco e la sosta degli studenti universitari ma anche una ben attrezzata area per il gioco dei bambini di tutte le età.Il prato è delimitato a nord da un pergolato (spettacolare la fioritura primaverile del glicine) sulla sommità di una gradonata scandita da aiuole di erbacee perenni da fiore; da azalee; rose e da tre siepi di tasso; bosso e ligustro.",ingresso parco da via piave; via santa croce; via beato lodovico pavoni,ufficio.verde@comune.trento.it,,,parco / giardino
Giardino Mattia Giosafat - ex Solteri,"Attrezzature: giochi per bambini; ping pong e fontanella
Divieto di accesso ai cani (è presente nelle immediate vicinanze una'area dedicata ai cani - Area cani di via Pranzelores)",ingresso parco da via dei solteri e via pranzelores,ufficio.verde@comune.trento.it,,,parco / giardino
Giardino di via Caio Valerio Mariano o del Moschen,Attrezzature: giochi per bambini; campo da pallavolo (sabbia); ping pongDivieto di accesso ai cani,ingresso giardino da via caio valerio mariano; via dos trento,ufficio.verde@comune.trento.it,,,parco / giardino
Giardino di Vaneze,"Area giochi bimbi con molle; altalena; combinato e giostrina
attrezzature per lo sport: basket/volley e campo bocce
superficie 1.800 m2
Vaneze è un agglomerato costituito da grandi alberghi sorti negli anni ’60 lungo la strada provinciale 85 e da una galassia di seconde case che già dai primi del Novecento (vd. la bella chiesetta di Ettore Sottsass del 1927) si allarga a ventaglio al margine della foresta. Villeggiatura e pratica sportiva sono l’anima di questo luogo; per il cui rilancio è stato avviato un programma di opere pubbliche col Patto territoriale del Monte Bondone. Nell’anno 2006 un’area in abbandono è stata così recuperata a giardino pubblico.
Il progetto recupera un vecchio piazzale abbandonato che ospitava una pista da pattinaggio e integra nel disegno alcuni muri in pietra; relitti di impianti di risalita mai terminati.Nell’area vi sono giochi e tavoli da pic-nic; sparsi nel piccolo prato ove sono a disposizione anche un campo per il gioco delle bocce ed un campo da pallavolo per le squadre sportive in ritiro estivo. Nel piccolo spazio sono stati messi a dimora anche nuovi larici che accompagnano al punto di partenza di una serie di sentieri che salgono verso le cime.",s.p. 85 – strada di vaneze; strada di corno,ufficio.verde@comune.trento.it,,,parco / giardino
Giardino Alexander Langer - ex Giardino del Salè,"Giochi bimbi con molle; sabbiera; altalena; castello combinato
attrezzature per lo sport: ping-pong; campo da beach volley; percorsi salute per la mente e il fisico con strutture e pannelli esplicativi; percorso salute ""AllenaLaMente""  
superficie 14.000 m2
area recintata per cani con fontana acqua potabile
Il parco segue il corso del torrente Salè dalla foce nel torrente Fersina a salire fino a viale Verona: parte di un sistema verde che racchiude ampi tratti di questo corso d’acqua in importanti parchi cittadini; il maggiore dei quali è Gocciadoro; salendo verso la collina. Il parco Langer è situato al centro di più rioni – Clarina; viale Verona; Lungofersina – ma resta abbastanza appartato e tranquillo; forse in ragione del fatto che è solo lambito da strade urbane e risulta poco visibile; tra l’alveo rialzato del torrente e; sul lato opposto; le alte arcate ferroviarie della Valsugana.
Il parco si compone sostanzialmente di due parti; una più stretta e alberata; dove nell’anno 2014 è stato inaugurato il percorso AllenaMente per esercitare fisico e memoria; ed una più ampia e assolata; con un ampio prato per il gioco libero e con attrezzature per bambini. Lungo  il viale che attraversa il parco; si succedono siepi di carpino e pruni dalle foglie rossicce; il verde del prato accanto a thuje; grandi cedri e pioppi presso l’ingresso.
Altre specie arboree presenti sono tigli; aceri campestri; ippocastani ed alcune betulle.
Nell’anno 2014 il Consiglio comunale di Trento ha voluto intitolare il giardino a Alexander Lager; tra i maggiori rappresentanti del movimento ecologista italiano ed europeo; promotore di numerose iniziative per la pace e la convivenza; con particolare attenzione al rapporto tra le diverse comunità linguistiche del vicino Alto Adige. 
Nel parco è stato piantumato; nell’anno 2017 quale simbolo di pace; un caco di Nagasaki; discendente dell’unica pianta lì sopravvissuta alla bomba atomica.Tra la frescura delle rogge e l’amatissima collina erbosa sede di mille giochi e rincorse tra bambini; le due grandi aree cani attrezzate e la vicinanza alla viabilità ciclopedonale e agli orti urbani comunali di via Gramsci fanno del giardino Langer un’apprezzata infrastruttura verde della città di Trento.",ingresso giardino da via marsala; via palermo; via gramsci; viale verona,ufficio.verde@comune.trento.it,,,parco / giardino
Giardino Ilaria Alpi e Miran Hrovatin (ex via Guardini),Il giardino comprende delle aree di sosta con panchine; una fontana ed un gruppo tavola; oltre a tutta una serie di strutture sportive di utilizzo libero come un campo da pallavolo in erba sintetica; porta da calcetto; tavolo da ping pong e struttura metallica per attività fitness.Il giardino è stato completato nella sua parte a verde con una ricca varietà di alberi come olmi resistenti alla grafiosi; querce ed aceri di diverse specie; oltre a alberi da frutto quali fichi; mandorli; albicocchi e cachi.,via trener; via guardini - trento,ufficio.verde@comune.trento.it,,portale cartografico,parco / giardino
Giardino Massimiliano I d'Asburgo - ex Giardino Cristo Re,"Area giochi bimbi con molle; altalene; rete arrampicata; combinato con scivoli; sabbiera; teleferica
attrezzature sportive: attrezzi ginnici del percorso fitness; ping-pong; campo pallavolo; campo pallacanestro
superficie 20.800 m2
A metà degli anni ’70 i residenti del quartiere richiesero; anche con occupazioni e manifestazioni molto partecipate; che l’area venisse trasformata in giardino pubblico. La transazione con il privato proprietario si concluse nel 1987; anno in cui vennero eseguiti i lavori di approntamento nell’attuale configurazione; che prevede sostanzialmente tre ambiti in successione lungo la ventosa riva sinistra dell’Adige. La prima zona a sud è dedicata al gioco dei bambini; è molto frequentata nella bella stagione anche per la frescura delle ampie chiome di frassini; tigli e bagolari che la sovrastano e per una piccola collinetta dove avventurarsi per le prime prove in bicicletta.
La seconda zona; dopo il filo e le torrette della teleferica; si apre in un luminosissimo e vasto prato; dove giocare in libertà e attorno al quale molti sportivi si allenano; sfruttando i campi per la pallacanestro e il volley; i tavoli da ping-pong e le attrezzature fitness del nuovo percorso dedicato. Nell’estremità a nord; sotto un’altra macchia alberata; è recintata la principale area cani del quartiere.",ingresso giardino da via lung’adige braille; via abondi; via bepi mor,ufficio.verde@comune.trento.it,,portale cartografico,parco / giardino
Giardino Montevaccino,"Area giochi bimbi con molle; altalena; combinato a due torri con scivolo
attrezzature per lo sport: campo da volley; campo da calcetto
superficie 4.000 m2
divieto di accesso ai cani.
L’ameno borgo di Montevaccino si contraddistingue per la sua antica origine mineraria e per la forte matrice agricola nella quale tutt’oggi si colloca. Il paese è una delle porte di accesso ai numerosi itinerari del monte Calisio; ma merita una visita anche il piccolo centro storico caratterizzato da una villa merlata ad oggi disabitata già da subito visibile.Proprio accanto al giardino pubblico del paese sorge una chiesetta di impianto seicentesco; attorno alla quale si sviluppa su due livelli il parco recentemente completato; con un’area comunitaria predisposta per essere coperta da tendoni e una moderna pergola-tettoia in corten con sedute. Tigli e ciliegi da fiore cingono il parco assieme a siepi miste e altre alberature; a corredo di un piccolo monumento ai caduti e dell’ingresso del cimitero. Il giardino è apprezzabile per la cura dei dettagli; la varietà di spazi e l’armonia con gli elementi del paesaggio circostante.",strada di montevaccino; via corta - cognola,ufficio.verde@comune.trento.it,,portale cartografico,parco / giardino
Giardino Oltrecastello,"Giochi bimbi con molle; altalene; casette con arrampicata ed equilibrio; combinato con scivolo e ponte oscillante
attrezzature per lo sport: ping-pong; campo basket; campo da volley; campo da calcetto
superficie 4.000 m2
divieto di accesso ai cani
L’ampio parchetto di Oltrecastello si inserisce nella splendida cornice della collina est di Trento; a poca distanza dal Passo del Cimirlo e vicino agli attacchi di diversi itinerari escursionistici; come quelli per il Rifugio Marzola. Davanti al giardino ombrato da ippocastani si può godere di una bella vista sul versante opposto della Val d’Adige; con il massiccio della Paganella a fare mostra di sé; e sul più vicino monte Calisio; vista che fa di Oltrecastello il primo sobborgo veramente collinare di Trento.
L’area; che si sviluppa in lunghezza costeggiando la strada principale; offre piccoli prati ben curati che seguono l’alternarsi di aree dedicate al gioco dei più piccoli e allo sport; con grandi campi da volley e calcetto separati da quinte vegetali e circondate da imponenti alberature di Acer saccharinum.Una siepe mista di viburni; tigli; sorbi e Cornus mas; ma anche eleagni; Pyrus e cespugli da fiore; protegge il gioco dalla strada. Le diverse aree giochi; sia per piccolissimi che per bambini; sono state di recente rinnovate.",via della resistenza - povo,ufficio.verde@comune.trento.it,,portale cartografico,parco / giardino
Giardino Mattarello,"Area giochi bimbi con altalene; scivoli da collina; combinati con arrampicate e ponte tibetano; teleferica
attrezzature per lo sport: campi tennis; campo calcio; campo calcetto; basket; volley e calcetto singolo; campo bocce; ping-pong
bagni con custode; accesso disabili e zona fasciatoio
superficie: 35000 m2
Il principale giardino pubblico del sobborgo di Mattarello è stato realizzato sulla base di un progetto del 1985: concretizza una previsione del piano regolatore volta ad offrire un’ampia area verde baricentrica al paese; in zona “ex Cembran”; in un periodo di massiccia espansione edilizia. 
L’ampia area; servita anche da un bar interno; si sviluppa su due livelli; connessi da un viale con orientamento sud-nord coperto da una lunga pergola e affiancato da piazzole a emiciclo. Il livello più basso ospita le maggiori attrezzature sportive; il più alto; raggiungibile con un sistema di terrazzamenti; consiste in prati abbelliti da una collezione di statue e gruppi alberati; solcati da un gioco d’acqua artificiale.Un parco molto ricco di alberature e di specie vegetali; adatto allo sport per tutte le età e che ospita le maggiori manifestazioni pubbliche della comunità.A partire da giovedì 18 aprile 2024 sono disponibili i bagni all’interno del parco di Mattarello: sette giorni su sette con orario 9:00 - 19:00 (9:00 - 17:00 in inverno).L’iniziativa – identica a quella già operativa al parco di Melta – prevede la presenza di un custode che si prende cura sia del parco che dei bagni; pulendo e controllandone il corretto utilizzo.I bagni - appena ristrutturati all’interno della palazzina centrale al parco - sono utilizzabili anche dai disabili e dispongono di una zona fasciatoio.",via perini; via del castel; via della torre franca - mattarello,ufficio.verde@comune.trento.it,,portale cartografico,parco / giardino
Giardino Maria Teresa d'Asburgo; ex Giardino della Clarina,"Giochi bimbi con molle; altalene; bilico a 4; combinato con scivoli; arrampicate; casetta
attrezzature per lo sport: tavoli ping-pong; pista pattinaggio per bambini; porta da calcio
superficie 10.900 m2
Inaugurato nel 1987; questo parco rappresenta un’oasi verde nei quartieri della Clarina ed è frequentatissima meta di bambini e adulti.Ampio cuneo verde tra zone residenziali e le caserme militari; è costituito da ampi prati e da piante di robinia; ciliegi da fiore; abete; acero; cedro; frassino; bagolaro e carpino. Presenti anche un caco; ippocastani; noccioli di Costantinopoli e verdi siepi che ne fanno un luogo botanicamente ricco; adatto ad essere scoperto nei suoi viraggi stagionali di colori e fioriture. Larghi vialetti pavimentati intersecano aree giochi; piste da pattinaggio e zone di sosta; come isole nel percorso pedonale accompagnato dai colori dei ciliegi e dei peri da fiore. I bambini amano giocare sfruttando le piccole collinette che dinamizzano le linee del parco; divertenti da percorrere in bici o di corsa. Il giardino è inoltre ben inserito nel sistema del verde comunale; e con pochi passi in sicure strade pedonali si può accedere ai maggiori complessi scolastici di quartiere; agli orti comunali di via Gramsci e poi ancora al giardino Alexander Langer.Nell’anno 2014 il Consiglio comunale di Trento ha voluto intitolare il giardino a Maria Teresa d’Asburgo.",ingresso giardino da via anna frank; via einaudi; via antonio gramsci; via gandhi,ufficio.verde@comune.trento.it,,portale cartografico,parco / giardino
Area verde Piedicastello o giardino Andreas Hofer,area gioco,via dos trento,ufficio.verde@comune.trento.it,,portale cartografico,parco / giardino
Giardino Gardolo dell'Arcobaleno ex scuole Pigarelli,Attrezzature: area giochi bambini; campo da basket; percorso vitaDivieto di accesso ai cani,via 4 novembre gardolo,ufficio.verde@comune.trento.it,,portale cartografico,parco / giardino
Giardino Gardolo Casa Pedrolli,Area verdeAttrezzature: ping pong,piazzale groff gardolo,ufficio.verde@comune.trento.it,,portale cartografico,parco / giardino
Giardino Melta Itea,Area giochi bimbi - ping pong.Giardino con divieto di accesso ai cani.,via 8 marzo  gardolo,ufficio.verde@comune.trento.it,,portale cartografico,parco / giardino
Giardino Roncafort o Giardino Ettore Sottsass,Attrezzature: area giochi bambini; campo da pallavolo; ping pong. Divieto di accesso ai cani.,loc. roncafort gardolo,ufficio.verde@comune.trento.it,,portale cartografico,parco / giardino
Giardino Gardolo di Mezzo,"Area giochi bimbi con molle; altalene; capanne; passerelle
attrezzature per lo sport: ping-pong; campo basket/volley
superficie 2.700 m2
divieto di accesso ai cani.
La bellezza dell’ameno borgo di Gardolo di Mezzo compensa largamente la fatica della salita per raggiungerlo. Incastonato tra i vigneti e le terrazze con muretti a secco; il piccolo paese sembra sospeso e senza tempo; con i suoi pregevoli dettagli architettonici e gli archi delle case di antico impianto. Della Val d’Adige qui si può sentire solo il vago e lontano rombo delle auto che scorrono frenetiche nel fondovalle; ed è proprio cercando un affaccio sul tessuto urbano sottostante che si può trovare; seminascosto tra case e frutteti; il piccolo parco di Gardolo di Mezzo. 
Esso si sviluppa su due livelli; uno con un praticello e l’area dedicata ai giochi dei più piccini; protetto da un’alta massicciata con pietre a vista corredata da una pergola di vite; e più in basso da una stradina pavimentata che cinge il parco permettendo di ammirare la vista sui massicci del Bondone e della Paganella. Il camminamento è arricchito dalla presenza di un filare di gelsi; memoria della sericoltura praticata nelle campagne intorno a Trento. A collegare questi due livelli vi sono un piccolo campo da basket e un tavolo da ping-pong; mentre all’ingresso del parco sorge un piccolo centro comunitario. La visita del paese è facilitata da pannelli informativi storici e archeologici.",via della cavada; via castel di gardolo,ufficio.verde@comune.trento.it,,portale cartografico,parco / giardino
Giardino S. Lazzaro,Attrezzature: area giochi bambini; ping pong. Divieto di accesso ai cani.,sponda trentina meano,ufficio.verde@comune.trento.it,,portale cartografico,parco / giardino
Giardino Vigo Meano Sandrin,"Area giochi bimbi con molle; altalena; combinato
superficie 400 m2
divieto di accesso ai cani.
Nel centro di Vigo Meano; borghetto nel cuore del bacino minerario del Calisio-Argentario; trova spazio il piccolo parco pubblico del paese.
Si tratta di un’area corredata da giochi per bambini e grandicelli; ben ombreggiata e in parte pavimentata con cubetti di porfido.
È una zona a verde molto semplice ma utile soprattutto per tutelare il gioco dei bambini più piccoli; mentre quelli più grandi vanno e vengono in piena libertà come in tutti i piccoli paesi.Apprezzabile la vicinanza alla bella passeggiata verso Cortesano e alla chiesetta dei SS. Pietro e Paolo.",piazza stainer; via ss. pietro e paolo; vigo meano,ufficio.verde@comune.trento.it,,portale cartografico,parco / giardino
Giardino S. Donà Itea  o Carlo Bertotti,Attrezzature: area giochi bambini; ping pong. Parco fornito di area cani con fontana acqua potabile.,case itea s. donà trento,ufficio.verde@comune.trento.it,,portale cartografico,parco / giardino
Giardino Rita Levi Montalcini; ex via Volta,"Giochi bimbi con molle; altalene; piramide a rete; scivolo
attrezzature per lo sport: ping-pong; campo basket
superficie 7.100 m2
Sito al limitare della zona residenziale della Clarina; accanto alla linea ferroviaria; il giardino di via Volta si rivela come un margine verde che impreziosisce il quartiere e ne apre i confini visivi verso il monte Bondone.Segue sinuoso i confini dei tranquilli cortili condominiali; dai quali è protetto da lunghe siepi; mentre sul lato strada alla bordura mista di arbusti locali (tra gli altri acero campestre; cornioli e viburni) si intervallano maestosi esemplari di Liquidambar e di alberi dei tulipani; rigogliosi grazie al suolo fresco e umido vicino all’Adige. Un viale protetto da tigli segue lo sviluppo del parco; da un’ampia zona caratterizzata dalla presenza di grandi pioppi neri disposti in cerchio che invitano alla sosta e al relax fino alle aree giochi e sportive che attraggono giovani e bambini. Da vedere in autunno; con lo splendido foliage dorato dei tigli e quello rosso delle querce palustri; dei Liriodendron e delle Liquidambar.",ingresso giardino da via volta; via ossana,ufficio.verde@comune.trento.it,,portale cartografico,parco / giardino
Giardino del Maso Smalz  o dello skate,"Attrezzature per lo sport: parco acrobatico di 1.600 m2 con zona velocità e salti e zona acrobazie “street”; ping-pong
superficie 10.500 m2
In una zona densa di attrezzature sportive ma relativamente povera di luoghi di aggregazione; nei primi anni 2000 è stato realizzato questo giardino; un anello verde che circonda attrezzature per skaters e bikers. Queste sono state rinnovate recentemente grazie ad una fattiva collaborazione con un collettivo informale di giovani utenti che curano l’animazione dell’area.Nel giardino si trova anche una pista ad anello di circa 400 metri per roller che; grazie a sopraelevate e tunnel; non interferisce con l’area verde dove sono collocate zone per la sosta. Le chiome degli alberi hanno coloriture autunnali di particolare bellezza; grazie alla presenza di querce rosse; aceri tridente e betulle bianche.",via del maso smalz,ufficio.verde@comune.trento.it,,portale cartografico,parco / giardino
Giardino via De Gaspari o Giardino meteorologico (del tempo che gira e ritorna),"Attrezzature: giochi per bambini; ping pong. Divieto di accesso ai cani nell'area giochi. 
Il giardino presente sul retro della ""scuola primaria Giovanni Battista De Gaspari"" e il cui accesso avviene da via San Pio X; con deliberazione del Consiglio comunale n. 19 del 12.02.2019; è stato denominato ""Giardino meteorologico (del tempo che gira e ritorna)"".",ingresso giardino da via s. pio x; via dei muredei sul retro della scuola primaria giovanni battista de gaspari,ufficio.verde@comune.trento.it,,portale cartografico,parco / giardino
Giardino La Vela centro civico,Attrezzature: tavolo ping pong; area giochi per bambini,accesso da via ss. cosma e damiano,ufficio.verde@comune.trento.it,,portale cartografico,parco / giardino
Giardino Giuseppe Gilli o Lucio Susmel,Attrezzature: area giochi bimbi; campo pallavolo (sintetico); ping pong,via pranzelores; via gilli,ufficio.verde@comune.trento.it,,portale cartografico,parco / giardino
Giardino fratelli Bernardi - ex Lungofersina,"Area giochi bimbi con molle; casette; altalene; scivolo; sabbiera
scacchiera gigante
superficie 9.300 m2
Situato sulla sommità dell’ampio argine destro del torrente Fersina; questo giardino è naturale punto di incontro di più quartieri e la sua posizione ne fa uno dei giardini più frequentati della città; amatissimo dai corridori e persone di ogni età grazie anche alla sua tranquillità e alla sua freschezza assicurata dal torrente e dalle fronde dei platani secolari. Il disegno del giardino è obbligato dalla forma rigida dell’argine che viene ripresa da una maglia ortogonale di viali pedonali e ciclabili; che delimitano ampie aree giochi per bambini e uno spazio con una scacchiera gigante.La vegetazione ripariale è ancora visibile in alcune piccole sponde naturali che ospitano anche uccelli acquatici come anatre; merli acquaioli; aironi e folaghe; mentre il parco è arricchito da ligustri; Ginkgo biloba dalle foglie a ventaglio; larghi cedri e piccole curiosità botaniche come i Poncirus trifoliata; spinosi agrumi ornamentali. Seguendo lo scorrere dell’acqua; nella parte finale si può raggiungere un frutteto-giardino aromatico; realizzato qualche decennio fa dall’Amministrazione comunale e coltivato dalle persone del quartiere. Il movimento dell’acqua e il tracciato della pista ciclabile invitano ad inoltrarsi a sud; in direzione dell’Adige e dell’uscita dalla città; in un percorso ciclopedonale periurbano tra l’inizio della campagna e i sempre più presenti orti urbani.",ingresso da via marsala; via cauriol; viale verona,ufficio.verde@comune.trento.it,,portale cartografico,parco / giardino
Giardino piazza General Cantore,Attrezzature: scacchiera; area giochi per bambini,piazza general cantore; località cristo re,ufficio.verde@comune.trento.it,,portale cartografico,parco / giardino
Giardino Meano La Madonnina,"Area giochi bimbi con molle; altalene; combinato con torri e scivoli; casette
attrezzature per lo sport: porta da calcio; campo basket/volley
superficie 3.600 m2
divieto di accesso ai cani.
I giardini della Madonnina di Meano si trovano ai margini del centro storico del paese; ma rimangono comunque un polo di attrazione molto sentito soprattutto da bambini e famiglie. Limitrofi al cimitero e aventi a disposizione a poca distanza un campo sportivo polifunzionale; sono costituiti da due spazi separati da una quinta vegetale; che divide l’area giochi da un prato attrezzato con una porta da calcetto.Perimetralmente la zona è delimitata da un muretto e da alberature di faggi colonnari; mentre la zona gioco è ombreggiata da grandi pioppi. La disposizione della vegetazione; lo sguardo aperto sulla collina e l’atmosfera tranquilla ampliano gli spazi di questo giardino circondato da vigne e orti facendone un luogo piacevole in cui passare del tempo a margine della visita del bel borgo; accuratamente mantenuto e attrezzato con cartelli esplicativi dalla Pro Loco.",passeggiata filomena perghem; via maria pederzolli; via delle sugarine,ufficio.verde@comune.trento.it,,portale cartografico,parco / giardino
Giardino Romagnano,"Area giochi bimbi con molle; altalena; combinato con torre; scivolo e arrampicata; gioco del tris
attrezzature per lo sport: ping-pong; campo volley
superficie 2.500 m2
divieto di accesso ai cani.
Il giardino è stato realizzato nei primi anni del Duemila in concomitanza alla realizzazione di un complesso abitativo dell’Istituto trentino per l’edilizia abitativa (Itea); per questo sobborgo collocato all’estremo sud del territorio comunale; tra campi vitati e le pendici boscose del Monte Bondone.È un’area verde attrezzata all’interno di un tessuto urbano ricco di orti e di giardini privati. Sofore; frassini e noccioli di Costantinopoli ombreggiano panchine e giochi per i bambini; accanto ad un grande prato per le corse con il pallone.",via ai castagnari - romagnano,ufficio.verde@comune.trento.it,,portale cartografico,parco / giardino
Giardino Povo Itea,Giardino di abbellimento case Itea. Attrezzature: campo pallavolo (asfalto),via sabbioni povo,ufficio.verde@comune.trento.it,,portale cartografico,parco / giardino
Giardino piazza Venezia,"Area giochi bimbi con molle; altalene; combinate con scivoli e arrampicate
attrezzature per lo sport: campo basket; ping-pong; beach volley
superficie 26.600 m2
area recintata per cani con fontana di acqua potabile esterna nelle vicinanze
La vecchia “Piazza d’armi” del progetto Bertamini della seconda metà del secolo scorso prevedeva la realizzazione di un bosco all’inglese; con viali e panchine ad uso di pubblica ricreazione nella parte collinare verso est. La sistemazione a giardino pubblico si consolidò nel corso dagli anni del primo dopoguerra; anche se senza un preciso disegno; e continuò fino alla fine degli anni ’50 con l’erezione del monumento in onore di Alcide Degasperi; opera dello scultore fiorentino Antonio Berti.Il giardino di piazza Venezia è ricco di una vegetazione arborea caratterizzata in massima parte da conifere (cedri; Cepholotaxus; abeti; ecc.) ma anche da latifoglie (robinie; ippocastani; platani; bagolari; catalpe). È stato ristrutturato a partire dalla fine degli anni Novanta con un nuovo disegno dei vialetti; aumentando le superfici a prato e inserendo nella parte centrale nuove piccole alberature da fiore; come le lagerstroemie dai purpurei fiori estivi che donano nuova luminosità al parco. Oggi questo maturo giardino storico è un punto di cesura tra la città consolidata; cioè il centro storico; l’inizio dei quartieri residenziali e l’affaccio al periurbano con la salita di via Venezia verso la collina. Il giardino; che ospita al proprio interno un centro per il tennis; accoglie le maggiori attrezzature (giochi; prati; sport; aree cani) nella parte piana; mentre la soprastante zona alberata è transito verso i percorsi pedonali collinari. Nei primi anni del Duemila il giardino si è arricchito di un giocoso gruppo scultoreo intitolato “il girotondo del bambini” ad opera dell’artista Mauro Staccioli.",ingresso parco: via e piazza venezia; via grazioli,ufficio.verde@comune.trento.it,,portale cartografico,parco / giardino
Giardino Ravina Itea,"Area giochi bimbi con molle; altalena; casetta; combinato con due torri; arrampicata; ponte mobile e scivolo
attrezzature per lo sport: ping-pong; campo basket; campo da bocce
superficie 8.300 m2
Il giardino Itea di Ravina cinge un’area di servizi dedicati allo sport ed è limitrofo; oltre che ai campi sportivi locali; anche al piccolo cimitero del paese.
Nel tranquillo sobborgo ricco di verde e di spazi agricoli; evocate anche dalla toponomastica locale (via Filari Longhi; via delle Masere…) il giardino è luogo di incontro e si presta all’organizzazione di eventi e feste di paese. È un luogo di sosta e di relax sulla salita che porta al centro di Ravina; all’ombra di grandi cedri e di latifoglie di più recente impianto ed in continuità con il verde di pertinenza del vicino complesso di alloggi Itea.L’area giochi attrezzata; il campo da basket e le numerose sedute lo rendono fruibile a tutte le età.",via santa marina; via filari longhi ravina,ufficio.verde@comune.trento.it,,portale cartografico,parco / giardino
Giardino Cognola Marnighe,Attrezzature: campo da basket,via masetti cognola,ufficio.verde@comune.trento.it,,portale cartografico,parco / giardino
Giardino Martignano o Carlo Firmian,"Area giochi bimbi con molle; altalene; combinati con torri; scivoli; ponte mobile; arrampicate; doppio tunnel
attrezzature per lo sport: campo basket / volley
superficie 12.300 m2
giardino fornito da area cani con fontana acqua potabile.
In un contesto di grande valore paesaggistico ed agricolo; essendo caratterizzato da dolci terrazzamenti dedicati alla coltivazione di vite; il giardino costituisce un cuneo a destinazione urbana; prolungandone gli usi legati al tempo libero lungo una viabilità storica direttamente connessa con il nucleo antico di Martignano.Il giardino; completato nell’anno 2004; è stato organizzato in due parti: quella verso il paese; a geometria rigida; che dispone di un’ampia pergola e di un prato circolare attrezzato per concerti e feste oltre che per il gioco e lo sport; ed una pseudonaturale; con brevi macchie di caducifoglie autoctone tra le quali serpeggia un corso d’acqua recuperato da una antica roggia interrata; sullo sfondo delle pendici del monte Calisio.",via dell'albera; via di maderno; via ai camillastri martignano,ufficio.verde@comune.trento.it,,portale cartografico,parco / giardino
Area S. Donà biblioteca,Attrezzature: area giochi bambini; campo basket (un canestro); campo calcetto (una orta). Divieto di accesso ai cani.,s. donà; cognola,ufficio.verde@comune.trento.it,,portale cartografico,parco / giardino
Giardino Maria de Unterrichter (ex via Einaudi),Attrezzature: area giochi bimbi; campo basket (sintetico)Giardino con divieto di accesso ai cani.,accesso da via einaudi,ufficio.verde@comune.trento.it,,portale cartografico,parco / giardino
Giardino Ines Pisoni (via Palermo),"Attrezzature: giochi per bambini; campo da pallavolo (sabbia); ping pong
Divieto di accesso ai cani",ingresso giardino da via palermo; via marsala,ufficio.verde@comune.trento.it,,portale cartografico comunale,parco / giardino
Parco di Melta,"Area giochi bimbi (tre ampie aree gioco) con molle; palestrina; sculture in legno; casette; bilanciere a 4 posti; altalene; giochi a rete; combinato con arrampicate; combinato con scivoli; giostra a sospensione; teleferica
attrezzature per lo sport: campo basket-volley-calcetto libero; due campi da calcio; ping-pong; una pista da roller di 1;2 km di lunghezza
superficie 110.000 m2
area recintata per cani (5 fontane acqua potabile nel parco)
Il parco di Melta rappresenta uno dei più recenti e completi esempi di parco paesaggistico moderno del Trentino; al contempo una scommessa progettuale; sociale e urbanistica. Frutto di un ambizioso progetto di recupero urbanistico durato diversi anni e progettato da tecnici interni all’Amministrazione; Melta è un luogo del quale non ci si stanca mai: nonostante il soundscape della tangenziale; destinato ad attutirsi con il passare del tempo e al crescere della vegetazione; il parco offre al suo interno mille spazi nascosti; mille scorci; mille tocchi progettuali che lo rendono un luogo da esplorare e da vivere; da riscoprire ogni volta.
Tantissime le specie vegetali – quasi cinquecento alberi e migliaia tra piante e arbusti – con una vegetazione palustre così ricca da offrire rifugio alla nidificazione di uccelli acquatici fino alle macchie di piante autoctone; alle moderne composizioni di piante perenni; alle bordure; alle tante alberate mai inserite casualmente.Pregevole è la struttura progettuale che si sviluppa su più livelli; con alzate e passerelle; ponti; sottopassi tubolari in acciaio; curve dalle forme organiche; tettoie e pergolati; piste per biciclette e per pattinatori; sentieri in ghiaino e tanti prati con pedane per la sosta e angoli nascosti; magari protetti da un salice piangente sulle rive dell’ampio lago ricavato dal recupero di acque di drenaggio. È un luogo ricco e innovativo; capace di nascondere al suo interno un’area ristoro sul lago e dei campi sportivi; inseriti in un anfiteatro con tanto di gradinate inerbite.Un parco finalmente moderno; in comunicazione con la città e che sarà capace di mantenere ed evolvere la sua identità resistendo alla prova del tempo. Da visitare!",ingresso parco da via centochiavi; via 25 aprile; via 4 novembre,,,,parco / giardino
Area campo calcio Baselga del Bondone,Area verde. Attrezzature: campo calcetto; campo pallavolo.,strada del dos gariol baselga del bondone,,,,parco / giardino
Area comunale Sopramonte campo sportivo,Campo calcetto,via di mura sopramonte,,,,parco / giardino
Parco naturale di Candriai,"Area giochi bimbi con altalene; girotondo a rete; teleferica; combinato con tre torri; scivolo; ponte mobile e arrampicata
attrezzature per lo sport: ping-pong; campo basket; calcetto e campo da calcio in erba; libero
superficie 55.000 m2
Candriai appartiene al Bondone e alla città: un’estesa area di seconde case; un riferimento importante per le “colonie” giovanili di tante realtà associative e religiose; tra boschi e malghe; alcune recuperate ad usi pubblici. Il parco Cesana prende forma grazie ad un progetto per la valorizzazione turistica ed ambientale promosso della Provincia di Trento e dell’Agenzia del Lavoro a partire dal 1989; in collaborazione con il Comune.Sui terreni un tempo destinati al pascolo della Malga di Candriai tra i vasti prati circondati da abetaie; tavoli e panchine; giochi per i bambini offrono le condizioni ottimali per sfuggire all’afa della città e la possibilità di organizzare attività ricreative sfruttando anche il campo da calcio di cui è dotato il parco.",via per cesana candriai; strada di candriai,,,,parco / giardino
Parco del Cimirlo,È al servizio delle urbanizzazioni del Cimirlo. Il parco comprende una zona sportiva e ricreativa e una zona a bosco. Attrezzature: campo basket; campo bocce; campo calcetto; campo tennis; ping pong,,,,,parco / giardino
Giardino palazzo Sardagna,Attrezzature: area giochi bambini; percorso salute; ping pong. Divieto di accesso ai cani.,meano,,,,parco / giardino
Passeggiata roste Adige e Adigetto,Attrezzature: percorso vita,trento,,,,parco / giardino
Parco di Gocciadoro,"Giochi bimbi con molle; altalene; combinati con ponte mobile; scivoli; arrampicata in diverse stazioni
attrezzature per lo sport: ping-pong; campo volley; percorso salute a sei stazioni
superficie 202.000 m2
zona recintata per cani con fontana acqua potabile.
Se si vogliono cercare gnomi e folletti in città; il parco di Gocciadoro è il posto dove andare. Qui non si sentirà il rumore delle automobili ma un concerto di cinguettii e il rumore dell’acqua del torrente Salè.
La quasi totalità del parco risulta di proprietà comunale dal 1922; per effetto della acquisizione del fondo agricolo Bernardelli; ove si coltivava il vitigno Goccia d’Oro.
Da allora e fino ad oggi si sono succeduti ampliamenti ed acquisizioni che hanno permesso di ampliare la superficie del parco a più di 35 ha: la speranza è quella di poterlo estendere ancora verso le zone naturali che salgono verso la collina dove è possibile incontrare i resti del castello di Pietrapiana.
Gocciadoro è l’unica area verde che per tradizione è sempre stata considerata parco di città; in particolare nelle sue parti più vicine alla città e alla fermata della ferrovia della Valsugana; dietro l’ospedale.
Un’ampia strada interna accompagna tra radure e boschi; lungo il rio Salè; fino al Villaggio del fanciullo SOS; una struttura di accoglienza molto importante per la città. Nel parco la chiesetta ottagonale di S. Adalberto; di recente restaurata; i resti di un vicino maso ed una preziosa Torresela di origine settecentesca; utile durante la stagione delle vendemmie dell’uva gialla che dà nome al parco.
Il parco; zona speciale di conservazione di importanza comunitaria; conserva otto habitat e una ricca biodiversità vegetale autoctona e non: carpino bianco; carpino nero; orniello; frassino; quercia farnia; abete bianco; abete rosso; tasso; tiglio; faggio; cedro; acero; acero campestre; olmo; ontano; pino nero; platano; ippocastano; rovere; roverella;bagolaro; robinia; Ginkgo biloba e castagni.Particolarmente suggestive anche le pareti dilavate di tufi basaltici formati dalla cementazione di frammenti di origine vulcanica all’ingresso; lungo la strada in riva sinistra del rio. L’antichità delle rocce affioranti e della vegetazione; nonché l’estensione dell’area; hanno permesso a Gocciadoro di diventare l’area verde cittadina più ricca di specie animali stanziali e migratorie.",ingresso parco da via vicenza; via sartori; via asiago; via gmeiner; via gocciadoro,,,,parco / giardino
English (United Kingdom)  German  Palazzo Sardagna,"II corpo centrale; con le due sale al piano terreno affrescate da Marcello Fogolino; era già edificato nel primo Cinquecento ed oggi ospita il Rettorato dell'Università degli Studi di Trento. 
Ma l'edificio assunse le forme attuali nel XVII secolo quando; con l'unione di diversi corpi di fabbrica; vennero rimodellate le due facciate esterne e i loggiati del cortile. I tre putti reggistemma che coronano il balcone; sopra l'imponente portale sorretto da telamoni; sono opere settecentesche dello scultore Cristoforo Benedetti da Castione.Ph: Giovanni Cavulli",via calepina 14; 38122 trento,,,,edificio storico
Parco naturale delle Coste,"Area giochi bimbi con molle; altalena; bilanciere; casetta; palafitta con scivolo e arrampicata; scivolo; altalena a cesto; capanne; sculture in legno; teleferica; sabbiera
attrezzature per lo sport: ping-pong
superficie 47.800 m2
Una ricca diversità floristica spontanea contraddistingue questo parco collinare con caratteristiche di elevata naturalità. Si tratta di uno dei parchi più grandi di Trento; interamente ricavato da una vecchia cava e localizzato sulla collina dell’Argentario; alle pendici del Calisio; in una posizione soleggiata che offre una splendida vista sulla città. Nel parco; oltre ad un piccolo laghetto; esistono tre zone attrezzate per i giochi dei bambini alle quali si può accedere precorrendo strade e sentieri nei boschetti di aceri; tigli; prugnoli; frassini; ornielli e cornioli che si intervallano a bei prati attrezzati con sedute.
Interessanti ma sempre rispettosi del contesto gli inserimenti botanici ornamentali; come il non comune viale alberato con Pterocarya; una piccola macchia di particolari aceri rossi nordamericani e i noccioli di Costantinopoli che ben si accordano con querce; bagolari; olmi e qualche castagno.
Spiccano inoltre delle formazioni rocciose calcaree che ricordano l’importanza mineraria – fin dall’epoca preromana – dell’Argentario e che offrono il toponimo a questa parte della collina di Trento; le cosiddette “laste”; ovvero lastroni di pietra locale utilizzati per segnare i confini delle proprietà agricole. Nel parco le rocce dell’antica cava formano delle belle pareti a vista solcate da sentieri sopraelevati; collegati in un punto da un pregevole arco in pietra.È stato allestito sul posto; su iniziativa della circoscrizione locale e di un istituto tecnico; anche un interessante “sentiero comunitario” organizzato in 15 stazioni che offre spunti di riflessione e informazioni sul parco attraverso il sistema dei QRCode.",ingresso parco da via alle coste (con ampio parcheggio) e da via marnighe,,,,parco / giardino
Parco di San Rocco,"Area giochi bimbi con molle; altalene; combinato con scivolo e arrampicate
attrezzature per lo sport: campi da basket e pallavolo; ping pong
superficie 7.300 m2
divieto di accesso ai cani
Il giardino nel sobborgo di San Rocco di Villazzano; con i suoi oltre 7000 metri quadrati di verde pubblico; ben attrezzati per lo sport e il gioco; costituisce un importante spazio di socializzazione per gli abitanti del borgo e per i cittadini di passaggio.È strategica infatti la sua posizione; ben inserita nel sistema del verde della città e vero e proprio punto di partenza verso la visita al Bosco della Città e per le numerose passeggiate che esplorano la collina fino ai Bindesi e alle pendici boscate della Marzola. La vegetazione del giardino è composta da alberi – peri; carpini; parrozie; ciliegi da fiore; albero dei tulipani; sofora pendula – e arbusti da fiore – ibisco; ortensia villosa; callicarpa – che regalano bacche e fioriture fin da prima della primavera e poi per tutta l’estate. Nei recenti lavori di realizzazione è stato mantenuto un antico muro a secco che divide il classico giardino urbano di tipo tradizionale dallo spazio; a sud; per attività ludiche e ricreative.",via galassa; via san rocco,,,,parco / giardino
Parco naturale del Doss Trento,"Attrezzature: punti di sosta. Divieto di accesso ai cani in zona Mausoleo
superficie 17.000 m2 (154.000 m2 l’intero dosso)
All'interno del parco ci sono il Museo Nazionale Storico delle Truppe Alpine; il Mausoleo di Cesare Battisti e un sito archeologico (Basilica Paleo Cristiana).Per dettagliate informazioni storiche vedi la sezione turismo-visitare natura 
Caratteristico colle rotondo che affaccia sulla città; il Dòss Trento è un importante parco periurbano ricco di significati e particolarità non solo naturali e paesaggistiche; ma anche storico architettoniche; simboliche e ricreative.
Questo rilievo di origine glaciale accolse i primi insediamenti umani già in epoca preistorica e protostorica e oggi; tra le radure e le macchie boscate; sono oggi visibili i resti di una chiesa paleocristiana ma anche le tracce di utilizzo militare di un luogo strategico; di cui si narra anche nel Museo Storico degli Alpini ospitato nel parco.
Tra le due guerre il colle venne scelto per la costruzione del mausoleo alla memoria dell’irredentista Cesare Battisti; che oggi domina la città con le sue bianche colonne di marmo ma che fu oggetto di controversi dibattiti prima di essere inaugurato nel 1935. Le due principali strade di accesso (“tagliate” nella roccia dalle divisioni alpine) incrociano piacevoli sentieri pedonali; con terrazze; scalinate e rampe recuperate all’inizio di questo secolo. 
Il valore naturalistico dell’area è oggetto di importanti tutele: infatti alla tipica formazione forestale termofila di ornielli; carpini e roverelle si accompagnano specie botaniche assai rare; testimonianze viventi di antichi climi più caldi dell’attuale e di diverse comunità
botaniche; da quelle dei climi temperati (come il terebinto; la marruca; l’albero di Giuda; la Colutea arborescens e la rara Opuntia vulgaris; parente dei fichi d’india) fino a quelle rappresentative dei prati e delle steppe alpine; come le orchidee selvatiche; l’esile liliacea
Fritillaria tenella e l’Ephedra distachya.Il visitatore – che salga in auto; a piedi o in bicicletta – godrà inoltre di una bellissima vista della città (da qui furono realizzate le più importanti mappe antiche); di freschi boschetti e radure assolate e troverà servizi ed esaustivi pannelli per apprezzare appieno questa tappa obbligata degli itinerari cittadini.",via doss trento; piazzale divisioni alpine; via brescia,,,,parco / giardino
Giardino di piazza Centa,"Una grande farfalla blu per l’arrampicata; un’altalena pentagonale con diversi tipi di sedute e un trampolino per saltare sono solo alcuni dei giochi con cui bambini e ragazzi si possono divertire in un’area completamente nuova con pavimentazione anti-trauma in gomma blu. Il colore è stato scelto per ricordare la presenza della piscina austroungarica realizzata intorno al 1870 e ritrovata durante i lavori per la realizzazione del parcheggio pertinenziale. 
L’area giochi prevede anche uno spazio verde; dove sono installati altri giochi per l’equilibrio e una pedana tonda in legno per la pratica dello yoga o la rappresentazione di piccoli spettacoli. Sul lato nord-est del giardino sono collocati i giochi per i più grandi con l’attrezzatura per l’attività sportiva; composta da una sequenza di spalliere; pali e sbarre per un allenamento in totale sicurezza; e un canestro posizionato su un'area pavimentata presso la quale è stata ricollocata la fontanella del giardino. In un’altra area invece ci si può divertire con il ping-pong.",piazza centa; via francesco ambrosi,,,,parco / giardino
Giardino di Maso Ginocchio,"Area giochi bimbi con sabbiera; molle; altalene; arrampicata; combinati
attrezzature per lo sport: pista pattinaggio / pallavolo
superficie 9.700 m2
microarea cani con fontana acqua potabile esterna nelle vicinanze.
Il giardino; sempre molto frequentato; è stato progettato e realizzato dall’Amministrazione comunale nella seconda metà degli anni Ottanta su sollecitazione degli abitanti del rione S. Pio X; che chiedevano più verde pubblico a disposizione del quartiere.Questa area verde accoglie una pista per il pattinaggio circondata da un boschetto di ciliegi; tanti giochi per i piccoli ed alcune strutture di arrampicata per i bambini più grandi; oltre che diversi comodi tavoli ombreggiati da pergole.È inoltre presente una microarea cani con vicina abbeverata. Dal giardino si accede al nido e alla scuola materna pubblica e l’area è vicina al complesso residenziale chiamato “Vaticano” (ex case Ina) di via Muredei; costruito negli anni ’50.",ingresso giardino da via veneto; via g. giusti; via monte baldo,,,,parco / giardino
Parco Enzo Tortora - ex Area prato grande,"Attrezzature: area giochi per bambini; campo beach volley; campo basket 
Inaugurato a novembre 2019 il parco in località “Prato Grande”; in viale Verona a Madonna Bianca è stato progettato insieme alla Provincia Autonoma di Trento per essere un’area verde inclusiva e accessibile; dove chiunque possa divertirsi a prescindere dall’abilità.Nel parco sono state realizzate due aree gioco: per il beach volley in sabbia e per il basket in asfalto rivestito da resina acrilica. I viali sono stati realizzati in asfalto decolorato; con inserti di piastrelle tattili in corrispondenza delle sedute e dei luoghi utili per una segnalazione ai non vedenti. Le aree di sosta sono state pavimentate in cubetti di porfido resinati.Le aree gioco per bambini sono due; pavimentate in modo da garantire l’accessibilità anche alle carrozzine; con giochi in acciaio e legno; raggruppati in base alla fascia di età degli utilizzatori.",viale verona località prato grande,,,,parco / giardino
Cortile scuola elementare Cadine,Campo da pallacanestro - utilizzo periodo extrascolastico,piazza della regola cadine,,,,parco / giardino
