remoteId;published;modified;Titolo;"Eventuale sottotitolo";"Identificativo dell'evento";"Tipo di evento";Argomenti;"Iniziativa di cui fa parte";"Tempo di lettura";"Descrizione breve";"Descrizione completa";"Galleria immagini";Video;Destinatari;"Informazioni sui destinatari";"Luogo dell'evento";"Parole chiave";Locandina;"Punti di contatto";"Date ed orari dell'evento";"E' gratuito";Offerta;Allegati;"Presenti all'evento";"Persone o organizzazioni che hanno composto un'opera eseguita durante l’evento";"Chi presenta";Organizzatori;Sponsor;"Servizio di traduzione curato da";Patrocinio;"Valutazione dell'evento";"Lingue usate all'evento";Recensione;"Indicato per";"Numero massimo di posti"
278aac9a4158634a7e2b2a66bf8805cc;2022-08-17T15:36:38+02:00;2022-08-17T15:38:33+02:00;"Spiagge Sicure 2022";"Dimostrazione di salvataggio";;"Giornata aperta";"Istruzione, cultura e sport
Sport
Tempo libero
Turismo";;2;"G&amp;P Servizi organizza la dimostrazione di salvataggio: nel &quot;progetto Spiagge Sicure&quot; è prevista l'erogazione di dimostrazioni al fine di informare i bagnanti e visitatori sui rischi legati alla balneazione";"Dimostrazione di salvataggio presso la Spiaggia &quot;dei Sabbioni (Riva dG)&quot;";"Dimostrazioni di salvataggio";;Adulti,Anziani,Bambini,Famiglie,Giovani;;;;https://www.altogardaeledro.tn.it/content/download/1582/33446/1/Volantino-GePServizi_5Regole.pdf;"G&P Servizi srl";;;;;;;;"Comunità Alto Garda e Ledro";;;;;Italiano;;;0
d044c592b461ad385d4e579fe5b04a72;2022-08-17T15:34:34+02:00;2022-08-17T15:35:24+02:00;"Spiagge Sicure 2022";"Dimostrazione di salvataggio";;"Giornata aperta";"Istruzione, cultura e sport
Sport
Tempo libero
Turismo";;2;"G&amp;P Servizi organizza la dimostrazione di salvataggio: nel &quot;progetto Spiagge Sicure&quot; è prevista l'erogazione di dimostrazioni al fine di informare i bagnanti e visitatori sui rischi legati alla balneazione";"Dimostrazione di salvataggio presso la Spiaggia di &quot;Pieve (Ledro)&quot;";"Dimostrazioni di salvataggio";;Adulti,Anziani,Bambini,Famiglie,Giovani;;;;https://www.altogardaeledro.tn.it/content/download/1581/33413/1/Volantino-GePServizi_5Regole.pdf;"G&P Servizi srl";;;;;;;;"Comunità Alto Garda e Ledro";;;;;Italiano;;;0
081bef4d104edb3e83e96cad5c1d4012;2022-08-17T15:32:17+02:00;2022-08-17T15:34:24+02:00;"Spiagge Sicure 2022";"Dimostrazione di salvataggio";;"Giornata aperta";"Istruzione, cultura e sport
Sport
Tempo libero
Turismo";;2;"G&amp;P Servizi organizza la dimostrazione di salvataggio: nel &quot;progetto Spiagge Sicure&quot; è prevista l'erogazione di dimostrazioni al fine di informare i bagnanti e visitatori sui rischi legati alla balneazione";"Dimostrazione di salvataggio presso la Spiaggia di &quot;Besta (Ledro)&quot;";"Dimostrazioni di salvataggio";;Adulti,Anziani,Bambini,Famiglie,Giovani;;;;https://www.altogardaeledro.tn.it/content/download/1580/33380/2/Volantino-GePServizi_5Regole.pdf;"G&P Servizi srl";;;;;;;;"Comunità Alto Garda e Ledro";;;;;Italiano;;;0
465feb8b3de24d4317cfef1ff50f1c54;2022-08-17T15:30:52+02:00;2022-08-17T15:36:20+02:00;"Spiagge Sicure 2022";"Dimostrazione di salvataggio";;"Giornata aperta";"Istruzione, cultura e sport
Sport
Tempo libero
Turismo";;2;"G&amp;P Servizi organizza la dimostrazione di salvataggio: nel &quot;progetto Spiagge Sicure&quot; è prevista l'erogazione di dimostrazioni al fine di informare i bagnanti e visitatori sui rischi legati alla balneazione";"Dimostrazione di salvataggio presso la Spiaggia &quot;Purfina Est (Riva dG)&quot;";"Dimostrazioni di salvataggio";;Adulti,Anziani,Bambini,Famiglie,Giovani;;;;https://www.altogardaeledro.tn.it/content/download/1579/33347/2/Volantino-GePServizi_5Regole.pdf;"G&P Servizi srl";;;;;;;;"Comunità Alto Garda e Ledro";;;;;Italiano;;;0
bb87dada9b474de70b5fd4a1f10a9b5d;2022-08-17T15:29:40+02:00;2022-08-17T15:30:33+02:00;"Spiagge Sicure 2022";"Dimostrazione di salvataggio";;"Giornata aperta";"Istruzione, cultura e sport
Sport
Tempo libero
Turismo";;2;"G&amp;P Servizi organizza la dimostrazione di salvataggio: nel &quot;progetto Spiagge Sicure&quot; è prevista l'erogazione di dimostrazioni al fine di informare i bagnanti e visitatori sui rischi legati alla balneazione";"Dimostrazione di salvataggio presso il Lido di Arco - Spiaggia &quot;Baia Azzurra&quot;";"Dimostrazioni di salvataggio";;Adulti,Anziani,Bambini,Famiglie,Giovani;;;;https://www.altogardaeledro.tn.it/content/download/1578/33314/1/Volantino-GePServizi_5Regole.pdf;"G&P Servizi srl";;;;;;;;"Comunità Alto Garda e Ledro";;;;;Italiano;;;0
7c6e893315db70a12b8d619cbcc61adc;2022-08-17T15:27:48+02:00;2022-08-17T15:29:09+02:00;"Spiagge Sicure 2022";"Dimostrazione di salvataggio";;"Giornata aperta";"Istruzione, cultura e sport
Sport
Tempo libero
Turismo";;2;"G&amp;P Servizi organizza la dimostrazione di salvataggio: nel &quot;progetto Spiagge Sicure&quot; è prevista l'erogazione di dimostrazioni al fine di informare i bagnanti e visitatori sui rischi legati alla balneazione";"Dimostrazione di salvataggio presso il Lago di Tenno";"Dimostrazioni di salvataggio";;Adulti,Anziani,Bambini,Famiglie,Giovani;;;;https://www.altogardaeledro.tn.it/content/download/1577/33281/1/Volantino-GePServizi_5Regole.pdf;"G&P Servizi srl";;;;;;;;"Comunità Alto Garda e Ledro";;;;;Italiano;;;0
e51356ff076c61974c1ea42d4fd62c7f;2022-08-17T15:26:03+02:00;2022-08-17T15:27:11+02:00;"Spiagge Sicure 2022";"Dimostrazione di salvataggio";;"Giornata aperta";"Istruzione, cultura e sport
Sport
Tempo libero
Turismo";;2;"G&amp;P Servizi organizza la dimostrazione di salvataggio: nel &quot;progetto Spiagge Sicure&quot; è prevista l'erogazione di dimostrazioni al fine di informare i bagnanti e visitatori sui rischi legati alla balneazione";"Dimostrazione di salvataggio presso la Spiaggia di &quot;Villa Cian&quot;";"Dimostrazioni di salvataggio";;Adulti,Anziani,Bambini,Famiglie,Giovani;;;;https://www.altogardaeledro.tn.it/content/download/1576/33248/1/Volantino-GePServizi_5Regole.pdf;"G&P Servizi srl";;;;;;;;"Comunità Alto Garda e Ledro";;;;;Italiano;;;0
e2b71251a24c0904f9f0c6ddda2ec603;2022-08-17T15:14:05+02:00;2022-08-17T15:25:55+02:00;"Spiagge Sicure 2022";"Dimostrazione di salvataggio";;"Giornata aperta";"Istruzione, cultura e sport
Sport
Tempo libero
Turismo";;2;"G&amp;P Servizi organizza la dimostrazione di salvataggio: nel &quot;progetto Spiagge Sicure&quot; è prevista l'erogazione di dimostrazioni al fine di informare i bagnanti e visitatori sui rischi legati alla balneazione";"Dimostrazione di salvataggio presso la Spiaggia alla &quot;Colonia Pavese&quot;";"Dimostrazioni di salvataggio";;Adulti,Anziani,Bambini,Famiglie,Giovani;;;;https://www.altogardaeledro.tn.it/content/download/1575/33215/7/Volantino-GePServizi_5Regole.pdf;"G&P Servizi srl";;;;;;;;"Comunità Alto Garda e Ledro";;;;;Italiano;;;0
05a529b5df11c139de2dc0110e9c9a65;2022-07-26T12:27:01+02:00;2022-07-26T12:28:13+02:00;"ENERGIE RINNOVABILI: Serata pubblica informativa";"Energie rinnovabili fotovoltaico";;"Giornata informativa";"Energia
Energia rinnovabile
Risparmio energetico
Scienza e tecnologia
Innovazione";;2;"Serata informativa in materia di &quot;energie rinnovabili fotovoltaico&quot;";"Nella serata del giorno martedì 26 luglio 2022 a partire dalle ore 20:00 presso la Sala Assemblee della Comunità Alto Garda e Ledro si terrà l'incontro &quot;Energie rinnovabili fotovoltaico&quot;. L'iniziativa è organizzata in forma di serata pubblica informativa e prevede anche un intervento da parte del BIM nel quale verranno illustrati gli ulteriori incentivi previsti.Il programma prevede la partecipazione di:


Mario Tonina - Assessore Provinciale all’Urbanistica, Ambiente e Cooperazione

Giorgio Marchetti – Presidente del Consorzio BIM Sarca Mincio Garda

Gianni Morandi - Commissario Comunità Alto Garda e Ledro

Luca Collotta – Presidente Vallata Basso Sarca e Ledro

Amministratore Comunale di Riva del Garda;

Funzionario referente Responsabile Agenzia Provinciale per le risorse idriche e l’energia (A.P.R.I.E.)

Jessica Pellegrino – Giornalista Moderatrice


";"SERATA INFORMATICA RIVA DEL GARDA PER MARTEDI' 26";;Famiglie,Adulti,Anziani;;;;"https://opencityaltogardaeledro.comunitatrentina.it/content/download/1487/31790/2/SERATA INFORMATIVA RIVA DEL GARDA PER MARTEDI' 26 .pdf";;;;;;;;;"Segreteria e protocollo";;;;;;;;0
51485580484eca3f0fa7dbb9f05cce93;2022-06-30T10:26:23+02:00;2022-06-30T10:27:16+02:00;"INCONTRI di Pace";;;"Evento sociale";"Tematiche internazionali";;2;"Quattro pomeriggi di attività dedicati alle famiglie per divertirsi insieme.Si inizia domenica 5 giugno all’oratorio Don Bosco a Riva del Garda! Si prosegue con altri tre appuntamenti a giugno e luglio.


05/06/2022 14:00-17:00 Oratorio don Bosco (Riva dG)

11/06/2022 15:00-17:00 Centro Famiglie Areté (Riva dG)

03/07/2022 15:00-17:00 Centro Giovanile Cantiere 26 (Arco)

16/07/2022 15:00-17:00 Centro Giovanile Cantiere 26 (Arco)


";;;;Famiglie;;;;https://opencityaltogardaeledro.comunitatrentina.it/content/download/1475/31502/1/LOCANDINA.jpg;"Distretto Famiglia Alto Garda";;;;;;;;"Comunità Alto Garda e Ledro";;;;;;;;0
c5a9f68af2a3777336c3a5cbe9ef27ee;2022-06-30T10:25:54+02:00;2022-06-30T10:25:54+02:00;"INCONTRI di Pace";;;"Evento sociale";"Tematiche internazionali";;2;"Quattro pomeriggi di attività dedicati alle famiglie per divertirsi insieme.Si inizia domenica 5 giugno all’oratorio Don Bosco a Riva del Garda! Si prosegue con altri tre appuntamenti a giugno e luglio.


05/06/2022 14:00-17:00 Oratorio don Bosco (Riva dG)

11/06/2022 15:00-17:00 Centro Famiglie Areté (Riva dG)

03/07/2022 15:00-17:00 Centro Giovanile Cantiere 26 (Arco)

16/07/2022 15:00-17:00 Centro Giovanile Cantiere 26 (Arco)


";;;;Famiglie;;;;https://opencityaltogardaeledro.comunitatrentina.it/content/download/1474/31469/1/LOCANDINA.jpg;"Distretto Famiglia Alto Garda";;;;;;;;"Comunità Alto Garda e Ledro";;;;;;;;0
8a7bdbb1b3863c44ad763cd490ffd8a8;2022-06-09T12:25:36+02:00;2022-06-09T13:15:11+02:00;"Incontro per imprenditori";"Nuovo sistema di raccolta rifiuti";;"Evento di formazione";"Ambiente
Gestione dei rifiuti";;2;"Per accedere cliccare sul seguente link (riunione in Zoom): https://zoom.us/j/93439042853?pwd=d0ZXaHJzMElMbFNHUTBEeG5OQmRxZz09 ID riunione: 934 3904 2853 Passcode: 818885 - Incontro: Giovedì 9 giugno 2022 15:00Si ricorda inoltre che per fornire risposte e informazioni sulle situazioni specifiche (ritiro dotazioni, dotazioni ricevute, richieste contenitori extra, calendari di raccolta, problemi di esposizione dei contenitori, differenziazione corretta dei rifiuti ecc…) è stato potenziato lo sportello informativo riservato alle aziende.";;Rifiuti;;Adulti,Famiglie;;;;;;;;;;;;;RSU;;;;;;;;0
5d82477b062d3bb38133c3dd8e1eacdb;2022-05-26T09:38:22+02:00;2022-05-26T09:40:00+02:00;"Separati in casa (Arco)";"RSU: La nuova raccolta differenziata";;"Giornata informativa,Giornata aperta";"Ambiente
Gestione dei rifiuti";;2;"Incontri pubblici d'informazione alla cittadinanza


12 maggio 2022 - Riva del Garda - ore 17:30 - Auditorium Scuola Media Scipio Sighele

16 maggio 2022 - Riva del Garda - ore 20:30 - Auditorium Scuola Media Scipio Sighele

19 maggio 2022 - Sant'Alessandro di Riva del Garda - ore 17:30 - Centro Sportivo

27 maggio 2022 - Varone di Riva del Garda - ore 20:30 - ex Chiesa Pernone

30 maggio 2022 - ore 20:30 - Diretta Streaming (sulla pagina facebook del Comune di Riva del Garda)


";"


INIZIERA' un nuovo servizio di raccolta differenziata e spariranno i cassonetti stradali

Informazioni dettagliate possono essere assunte chiamanto il numero verde 800 688 645 disponibile dal lunedì al sabato nella fascia oraria 8:00 - 18:00

Negli store &quot;Google Play&quot; e &quot;App Store&quot; è disponibile l'app «IDEALSERVICE RIFIUTO ZERO» che mette a portata di mano informazioni sulla modalità di conferimento, sui centri di raccolta e molto altro


";"2022 Base 1500x700";;Famiglie;;;;https://opencityaltogardaeledro.comunitatrentina.it/content/download/1253/26596/1/PresentazioneRIVA_Pag51.pdf;;;;;;;;;RSU;;;;;;;;0
9f9f374917264fcb503ea6f8c100e36b;2022-05-26T09:29:59+02:00;2022-05-26T09:30:29+02:00;"ALI & AVA: STORIA DI UN INCONTRO";;;"Proiezione cinematografica";"Istruzione, cultura e sport
Tempo libero";;2;"Regia Clio Barnard | Con Adeel Akhtar, Claire Rushbrook, Ellora Torchia | Gran Bretagna, 2021 | Drammatico | durata 90’";;;;Giovani,Famiglie;;Cinema;;;;;;;;;;;"Segreteria e protocollo
Patrimonio";;;;;;;;0
bc1178892808337c4c6b713ee5174afe;2022-05-26T09:28:53+02:00;2022-05-26T09:29:52+02:00;"ALI & AVA: STORIA DI UN INCONTRO";;;"Proiezione cinematografica";"Istruzione, cultura e sport
Tempo libero";;2;"Regia Clio Barnard | Con Adeel Akhtar, Claire Rushbrook, Ellora Torchia | Gran Bretagna, 2021 | Drammatico | durata 90’";;;;Giovani,Famiglie;;Cinema;;;;;;;;;;;"Segreteria e protocollo
Patrimonio";;;;;;;;0
94d38440cc7682d4ed0bdac798a5b595;2022-05-26T09:26:22+02:00;2022-05-26T09:27:20+02:00;"JURASSIC WORLD IL DOMINIO";;;"Proiezione cinematografica";"Istruzione, cultura e sport
Tempo libero";;2;"Regia di Colin Trevorow | Con Chris Pratt, Bryce Dallas Howard, Laura Dern, Jeff Goldblum | Usa, 2022 | Avventura, azione, fantasy | durata 145’";;;;Giovani,Famiglie;;Cinema;;;;;;;;;;;"Segreteria e protocollo
Patrimonio";;;;;;;;0
072c61fc3c71070a599d227768d7d0bf;2022-05-26T09:25:56+02:00;2022-05-26T09:26:16+02:00;"JURASSIC WORLD IL DOMINIO";;;"Proiezione cinematografica";"Istruzione, cultura e sport
Tempo libero";;2;"Regia di Colin Trevorow | Con Chris Pratt, Bryce Dallas Howard, Laura Dern, Jeff Goldblum | Usa, 2022 | Avventura, azione, fantasy | durata 145’";;;;Giovani,Famiglie;;Cinema;;;;;;;;;;;"Segreteria e protocollo
Patrimonio";;;;;;;;0
03c3af003724a4ee8eb9c96f72912ac5;2022-05-26T09:25:11+02:00;2022-05-26T09:25:51+02:00;"JURASSIC WORLD IL DOMINIO";;;"Proiezione cinematografica";"Istruzione, cultura e sport
Tempo libero";;2;"Regia di Colin Trevorow | Con Chris Pratt, Bryce Dallas Howard, Laura Dern, Jeff Goldblum | Usa, 2022 | Avventura, azione, fantasy | durata 145’";;;;Giovani,Famiglie;;Cinema;;;;;;;;;;;"Segreteria e protocollo
Patrimonio";;;;;;;;0
b6b656d6609e4f6adb601c61e316b02d;2022-05-26T09:23:45+02:00;2022-05-26T09:24:51+02:00;"JURASSIC WORLD IL DOMINIO";;;"Proiezione cinematografica";"Istruzione, cultura e sport
Tempo libero";;2;"Regia di Colin Trevorow | Con Chris Pratt, Bryce Dallas Howard, Laura Dern, Jeff Goldblum | Usa, 2022 | Avventura, azione, fantasy | durata 145’";;;;Giovani,Famiglie;;Cinema;;;;;;;;;;;"Segreteria e protocollo
Patrimonio";;;;;;;;0
384b46538d4e77695dd3a506cba9acb9;2022-05-26T09:23:09+02:00;2022-05-26T09:28:08+02:00;"GLI STATI UNITI CONTRO BILLIE HOLIDAY";;;"Proiezione cinematografica";"Istruzione, cultura e sport
Tempo libero";;2;"Regia di Lee Daniels | Con Andra Day, Garrett Hedlund, Natasha Lyonne | Usa, 2021 | Biografico | durata 125’";;;;Giovani,Famiglie;;Cinema;;;;;;;;;;;"Segreteria e protocollo
Patrimonio";;;;;;;;0
a10601e1ca7b4f486421fa2b6ba8c282;2022-05-26T09:22:05+02:00;2022-05-26T09:23:01+02:00;"GLI STATI UNITI CONTRO BILLIE HOLIDAY";;;"Proiezione cinematografica";"Istruzione, cultura e sport
Tempo libero";;2;"Regia di Lee Daniels | Con Andra Day, Garrett Hedlund, Natasha Lyonne | Usa, 2021 | Biografico | durata 125’";;;;Giovani,Famiglie;;Cinema;;;;;;;;;;;"Segreteria e protocollo
Patrimonio";;;;;;;;0
2bca6c08572b13a6693cd453a30f3cc0;2022-05-26T09:21:27+02:00;2022-05-26T09:28:44+02:00;"UNA VITA IN FUGA";;;"Proiezione cinematografica";"Istruzione, cultura e sport
Tempo libero";;2;"Regia di Sean Penn. Con Sean Penn, Dylan Penn, Josh Brolin, Regina King, Katheryn Winnick. | Usa, 2021 | Thriller, drammatico | durata 107’";;;;Giovani,Famiglie;;Cinema;;;;;;;;;;;"Segreteria e protocollo
Patrimonio";;;;;;;;0
be426f88042a6106b385a9ae6bd74a5d;2022-05-26T09:20:17+02:00;2022-05-26T09:21:19+02:00;"UNA VITA IN FUGA";;;"Proiezione cinematografica";"Istruzione, cultura e sport
Tempo libero";;2;"Regia di Sean Penn. Con Sean Penn, Dylan Penn, Josh Brolin, Regina King, Katheryn Winnick. | Usa, 2021 | Thriller, drammatico | durata 107’";;;;Giovani,Famiglie;;Cinema;;;;;;;;;;;"Segreteria e protocollo
Patrimonio";;;;;;;;0
f79d66580f06ec3690aba10bd0f94336;2022-05-26T09:18:24+02:00;2022-05-26T09:19:51+02:00;"DOCTOR STRANGE: NEL MULTIVERSO DELLA FOLLIA";;;"Proiezione cinematografica";"Istruzione, cultura e sport
Tempo libero";;2;"Regia di Sam Raimi. Con Benedict Cumberbatch, Elizabeth Olsen, Benedict Wong, Michael Stuhlbarg | Usa, 2022 | Azione, fantasy | durata 126’";;;;Giovani,Famiglie;;Cinema;;;;;;;;;;;"Segreteria e protocollo
Patrimonio";;;;;;;;0
991b90f2a7b26b99ec3fb3812e313a42;2022-05-26T09:17:41+02:00;2022-05-26T09:18:05+02:00;"TOP GUN: MAVERICK";;;"Proiezione cinematografica";"Istruzione, cultura e sport
Tempo libero";;2;"Regia di Joseph Kosinski. Con Tom Cruise, Miles Teller, Jennifer Connelly, Val Kilmer, Jon Hamm. Usa, 2022 | Azione | durata 130’";;;;Giovani,Famiglie;;Cinema;;;;;;;;;;;"Segreteria e protocollo
Patrimonio";;;;;;;;0
6b4c6ddd3979c55fdbc494cdd949a743;2022-05-26T09:17:04+02:00;2022-05-26T09:17:32+02:00;"TOP GUN: MAVERICK";;;"Proiezione cinematografica";"Istruzione, cultura e sport
Tempo libero";;2;"Regia di Joseph Kosinski. Con Tom Cruise, Miles Teller, Jennifer Connelly, Val Kilmer, Jon Hamm. Usa, 2022 | Azione | durata 130’";;;;Giovani,Famiglie;;Cinema;;;;;;;;;;;"Segreteria e protocollo
Patrimonio";;;;;;;;0
439705b0f34572211f9259bcc4af42ef;2022-05-26T09:16:11+02:00;2022-05-26T09:16:49+02:00;"TOP GUN: MAVERICK";;;"Proiezione cinematografica";"Istruzione, cultura e sport
Tempo libero";;2;"Regia di Joseph Kosinski. Con Tom Cruise, Miles Teller, Jennifer Connelly, Val Kilmer, Jon Hamm. Usa, 2022 | Azione | durata 130’";;;;Giovani,Famiglie;;Cinema;;;;;;;;;;;"Segreteria e protocollo
Patrimonio";;;;;;;;0
4c39289beb4a5b463d98bea86c9cd880;2022-05-20T11:46:14+02:00;2022-05-23T09:07:55+02:00;"TOP GUN: MAVERICK";;;"Proiezione cinematografica";"Istruzione, cultura e sport
Tempo libero";;2;"Regia di Joseph Kosinski. Con Tom Cruise, Miles Teller, Jennifer Connelly, Val Kilmer, Jon Hamm. Usa, 2022 | Azione | durata 130’";;;;Giovani,Famiglie;;Cinema;;;;;;;;;;;"Segreteria e protocollo
Patrimonio";;;;;;;;0
610efa5a71c160720cd51ee914354b6f;2022-05-20T11:13:23+02:00;2022-05-20T11:13:50+02:00;"Separati in casa";"RSU: La nuova raccolta differenziata";;"Giornata informativa,Giornata aperta";"Ambiente
Gestione dei rifiuti";;2;"Incontri pubblici d'informazione alla cittadinanza


12 maggio 2022 - Riva del Garda - ore 17:30 - Auditorium Scuola Media Scipio Sighele

16 maggio 2022 - Riva del Garda - ore 20:30 - Auditorium Scuola Media Scipio Sighele

19 maggio 2022 - Sant'Alessandro di Riva del Garda - ore 17:30 - Centro Sportivo

27 maggio 2022 - Varone di Riva del Garda - ore 20:30 - ex Chiesa Pernone

30 maggio 2022 - ore 20:30 - Diretta Streaming (sulla pagina facebook del Comune di Riva del Garda)


";"


INIZIERA' un nuovo servizio di raccolta differenziata e spariranno i cassonetti stradali

Informazioni dettagliate possono essere assunte chiamanto il numero verde 800 688 645 disponibile dal lunedì al sabato nella fascia oraria 8:00 - 18:00

Negli store &quot;Google Play&quot; e &quot;App Store&quot; è disponibile l'app «IDEALSERVICE RIFIUTO ZERO» che mette a portata di mano informazioni sulla modalità di conferimento, sui centri di raccolta e molto altro


";"2022 Base 1500x700";;Famiglie;;;;https://opencityaltogardaeledro.comunitatrentina.it/content/download/1218/25707/1/PresentazioneRIVA_Pag51.pdf;;;;;;;;;RSU;;;;;;;;0
b6c044abce90adfefda8f0d0e3f08c8e;2022-05-20T11:12:56+02:00;2022-05-20T11:13:15+02:00;"Separati in casa";"RSU: La nuova raccolta differenziata";;"Giornata informativa,Giornata aperta";"Ambiente
Gestione dei rifiuti";;2;"Incontri pubblici d'informazione alla cittadinanza


12 maggio 2022 - Riva del Garda - ore 17:30 - Auditorium Scuola Media Scipio Sighele

16 maggio 2022 - Riva del Garda - ore 20:30 - Auditorium Scuola Media Scipio Sighele

19 maggio 2022 - Sant'Alessandro di Riva del Garda - ore 17:30 - Centro Sportivo

27 maggio 2022 - Varone di Riva del Garda - ore 20:30 - ex Chiesa Pernone

30 maggio 2022 - ore 20:30 - Diretta Streaming (sulla pagina facebook del Comune di Riva del Garda)


";"


INIZIERA' un nuovo servizio di raccolta differenziata e spariranno i cassonetti stradali

Informazioni dettagliate possono essere assunte chiamanto il numero verde 800 688 645 disponibile dal lunedì al sabato nella fascia oraria 8:00 - 18:00

Negli store &quot;Google Play&quot; e &quot;App Store&quot; è disponibile l'app «IDEALSERVICE RIFIUTO ZERO» che mette a portata di mano informazioni sulla modalità di conferimento, sui centri di raccolta e molto altro


";"2022 Base 1500x700";;Famiglie;;;;https://opencityaltogardaeledro.comunitatrentina.it/content/download/1217/25674/1/PresentazioneRIVA_Pag51.pdf;;;;;;;;;RSU;;;;;;;;0
3ea8aeea47121ca439a72e47bee1c781;2022-05-20T11:12:16+02:00;2022-05-23T08:37:21+02:00;"Separati in casa (Diretta streaming)";"RSU: La nuova raccolta differenziata";;"Giornata informativa,Giornata aperta";"Ambiente
Gestione dei rifiuti";;2;"Incontri pubblici d'informazione alla cittadinanza


12 maggio 2022 - Riva del Garda - ore 17:30 - Auditorium Scuola Media Scipio Sighele

16 maggio 2022 - Riva del Garda - ore 20:30 - Auditorium Scuola Media Scipio Sighele

19 maggio 2022 - Sant'Alessandro di Riva del Garda - ore 17:30 - Centro Sportivo

27 maggio 2022 - Varone di Riva del Garda - ore 20:30 - ex Chiesa Pernone

30 maggio 2022 - ore 20:30 - Diretta Streaming (sulla pagina facebook del Comune di Riva del Garda)


";"


INIZIERA' un nuovo servizio di raccolta differenziata e spariranno i cassonetti stradali

Informazioni dettagliate possono essere assunte chiamanto il numero verde 800 688 645 disponibile dal lunedì al sabato nella fascia oraria 8:00 - 18:00

Negli store &quot;Google Play&quot; e &quot;App Store&quot; è disponibile l'app «IDEALSERVICE RIFIUTO ZERO» che mette a portata di mano informazioni sulla modalità di conferimento, sui centri di raccolta e molto altro


";"2022 Base 1500x700";;Famiglie;;;;https://opencityaltogardaeledro.comunitatrentina.it/content/download/1216/25641/2/PresentazioneRIVA_Pag51.pdf;;;;;;;;;RSU;;;;;;;;0
c8f82a94ece140dfe4c54db88fcee186;2022-05-20T11:11:12+02:00;2022-05-23T08:36:30+02:00;"Separati in casa (Varone)";"RSU: La nuova raccolta differenziata";;"Giornata informativa,Giornata aperta";"Ambiente
Gestione dei rifiuti";;2;"Incontri pubblici d'informazione alla cittadinanza


12 maggio 2022 - Riva del Garda - ore 17:30 - Auditorium Scuola Media Scipio Sighele

16 maggio 2022 - Riva del Garda - ore 20:30 - Auditorium Scuola Media Scipio Sighele

19 maggio 2022 - Sant'Alessandro di Riva del Garda - ore 17:30 - Centro Sportivo

27 maggio 2022 - Varone di Riva del Garda - ore 20:30 - ex Chiesa Pernone

30 maggio 2022 - ore 20:30 - Diretta Streaming (sulla pagina facebook del Comune di Riva del Garda)


";"


INIZIERA' un nuovo servizio di raccolta differenziata e spariranno i cassonetti stradali

Informazioni dettagliate possono essere assunte chiamanto il numero verde 800 688 645 disponibile dal lunedì al sabato nella fascia oraria 8:00 - 18:00

Negli store &quot;Google Play&quot; e &quot;App Store&quot; è disponibile l'app «IDEALSERVICE RIFIUTO ZERO» che mette a portata di mano informazioni sulla modalità di conferimento, sui centri di raccolta e molto altro


";"2022 Base 1500x700";;Famiglie;;;;https://opencityaltogardaeledro.comunitatrentina.it/content/download/1215/25608/2/PresentazioneRIVA_Pag51.pdf;;;;;;;;;RSU;;;;;;;;0
e996fd576b580407f613f073853b93b9;2022-05-20T11:03:22+02:00;2022-05-20T11:10:39+02:00;"Separati in casa";"RSU: La nuova raccolta differenziata";;"Giornata informativa,Giornata aperta";"Ambiente
Gestione dei rifiuti";;2;"Incontri pubblici d'informazione alla cittadinanza


12 maggio 2022 - Riva del Garda - ore 17:30 - Auditorium Scuola Media Scipio Sighele

16 maggio 2022 - Riva del Garda - ore 20:30 - Auditorium Scuola Media Scipio Sighele

19 maggio 2022 - Sant'Alessandro di Riva del Garda - ore 17:30 - Centro Sportivo

27 maggio 2022 - Varone di Riva del Garda - ore 20:30 - ex Chiesa Pernone

30 maggio 2022 - ore 20:30 - Diretta Streaming (sulla pagina facebook del Comune di Riva del Garda)


";"


INIZIERA' un nuovo servizio di raccolta differenziata e spariranno i cassonetti stradali

Informazioni dettagliate possono essere assunte chiamanto il numero verde 800 688 645 disponibile dal lunedì al sabato nella fascia oraria 8:00 - 18:00

Negli store &quot;Google Play&quot; e &quot;App Store&quot; è disponibile l'app «IDEALSERVICE RIFIUTO ZERO» che mette a portata di mano informazioni sulla modalità di conferimento, sui centri di raccolta e molto altro


";"2022 Base 1500x700";;Famiglie;;;;https://opencityaltogardaeledro.comunitatrentina.it/content/download/1214/25575/2/PresentazioneRIVA_Pag51.pdf;;;;;;;;;RSU;;;;;;;;0
39635aa2e148cca299db5a66c207c073;2022-09-01T10:21:36+02:00;2022-09-01T10:21:36+02:00;Alzheimer;"Benessere alimentare nel corso della vita";;"Giornata informativa";"Popolazione e società
Protezione sociale
Assistenza agli invalidi
Integrazione sociale";;2;"Serata informativa nel mese di sensibilizzazione e informazione sull'Alzheimer e altri tipi di demenza.";"L'Ufficio Politiche a favore delle persone non autosufficienti del Servizio Politiche sanitarie e per la non autosufficienza, della Provincia Autonoma di Trento promuove il &quot;mese di sensibilizzazione e informazione sull'Alzheimer e altri tipi di demenza&quot;.";"2022 Alzheimer";;Adulti,Anziani,Famiglie,Giovani;;;;https://www.altogardaeledro.tn.it/content/download/2351/67050/1/Locandina-AlzheimerFest2022.pdf;"Casa Mielli";;;;;;;;"Sportello Sociale";;;;;;;;0
3118b85ddec0682501716b52757153b7;2022-09-01T10:27:12+02:00;2022-09-01T10:27:44+02:00;Alzheimer;"Imparare a comunicare con la demenza";;"Giornata informativa";"Popolazione e società
Protezione sociale
Assistenza agli invalidi
Integrazione sociale";;2;"Serata informativa nel mese di sensibilizzazione e informazione sull'Alzheimer e altri tipi di demenza.";"L'Ufficio Politiche a favore delle persone non autosufficienti del Servizio Politiche sanitarie e per la non autosufficienza, della Provincia Autonoma di Trento promuove il &quot;mese di sensibilizzazione e informazione sull'Alzheimer e altri tipi di demenza&quot;.";"2022 Alzheimer";;Adulti,Anziani,Famiglie,Giovani;;;;https://www.altogardaeledro.tn.it/content/download/2355/67182/1/Locandina-AlzheimerFest2022.pdf;"Casa Mielli";;;;;;;;"Sportello Sociale";;;;;;;;0
9581f2d0f38f0ea1caf7b259bee0eeca;2022-09-01T10:26:06+02:00;2022-09-01T10:26:52+02:00;Alzheimer;"Supporto emotivo ai caregivers";;"Giornata informativa";"Popolazione e società
Protezione sociale
Assistenza agli invalidi
Integrazione sociale";;2;"Serata informativa nel mese di sensibilizzazione e informazione sull'Alzheimer e altri tipi di demenza.";"L'Ufficio Politiche a favore delle persone non autosufficienti del Servizio Politiche sanitarie e per la non autosufficienza, della Provincia Autonoma di Trento promuove il &quot;mese di sensibilizzazione e informazione sull'Alzheimer e altri tipi di demenza&quot;.";"2022 Alzheimer";;Adulti,Anziani,Famiglie,Giovani;;;;https://www.altogardaeledro.tn.it/content/download/2354/67149/1/Locandina-AlzheimerFest2022.pdf;"Casa Mielli";;;;;;;;"Sportello Sociale";;;;;;;;0
ff818505201a14f55905598be67de721;2022-09-01T10:27:52+02:00;2022-09-01T10:40:54+02:00;Alzheimer;"Allenamento mentale (ciclo sei incontri di giochi di memoria.. il martedì!)";;"Giornata informativa";"Popolazione e società
Protezione sociale
Assistenza agli invalidi
Integrazione sociale";;2;"Serata informativa nel mese di sensibilizzazione e informazione sull'Alzheimer e altri tipi di demenza.";"L'Ufficio Politiche a favore delle persone non autosufficienti del Servizio Politiche sanitarie e per la non autosufficienza, della Provincia Autonoma di Trento promuove il &quot;mese di sensibilizzazione e informazione sull'Alzheimer e altri tipi di demenza&quot;.CICLO DI SEI INCONTRI: iscrizione obbligatoria.";"2022 Alzheimer";;Adulti,Anziani,Famiglie,Giovani;;;;https://www.altogardaeledro.tn.it/content/download/2356/67215/3/Locandina-AlzheimerFest2022.pdf;"Casa Mielli";;;;;;;;"Sportello Sociale";;;;;;;;0
e5170b67baf8dc8e045056323dded664;2022-09-01T10:22:03+02:00;2022-09-01T10:30:20+02:00;Alzheimer;"I benefici del nordic walking";;"Giornata informativa";"Popolazione e società
Protezione sociale
Assistenza agli invalidi
Integrazione sociale";;2;"Serata informativa nel mese di sensibilizzazione e informazione sull'Alzheimer e altri tipi di demenza.";"L'Ufficio Politiche a favore delle persone non autosufficienti del Servizio Politiche sanitarie e per la non autosufficienza, della Provincia Autonoma di Trento promuove il &quot;mese di sensibilizzazione e informazione sull'Alzheimer e altri tipi di demenza&quot;.";"2022 Alzheimer";;Adulti,Anziani,Famiglie,Giovani;;;;https://www.altogardaeledro.tn.it/content/download/2352/67083/2/Locandina-AlzheimerFest2022.pdf;"Casa Mielli";;;;;;;;"Sportello Sociale";;;;;;;;0
de0718e7231e2fc8c067df034ed8622a;2022-09-01T10:24:42+02:00;2022-09-01T13:27:10+02:00;Alzheimer;"Mia madre è una brava bambina";;"Giornata informativa";"Popolazione e società
Protezione sociale
Assistenza agli invalidi
Integrazione sociale";;2;"Serata informativa nel mese di sensibilizzazione e informazione sull'Alzheimer e altri tipi di demenza.Incontro con Leonardo Franchini che parla del suo romanzo «Mia madre è una brava bambina» (Eclissi, 2021).";"L'Ufficio Politiche a favore delle persone non autosufficienti del Servizio Politiche sanitarie e per la non autosufficienza, della Provincia Autonoma di Trento promuove il &quot;mese di sensibilizzazione e informazione sull'Alzheimer e altri tipi di demenza&quot;.";"2022 Alzheimer";;Adulti,Anziani,Famiglie,Giovani;;;;https://www.altogardaeledro.tn.it/content/download/2353/67116/2/Locandina-AlzheimerFest2022.pdf;"Casa Mielli";;;;;;;;"Sportello Sociale";;;;;;;;0
ef08a292d4c048a0836d3c82af841480;2022-09-01T10:30:52+02:00;2022-09-01T13:28:57+02:00;Alzheimer;"Nonni dimenticoni";;"Giornata informativa";"Popolazione e società
Protezione sociale
Assistenza agli invalidi
Integrazione sociale";;2;"Serata informativa nel mese di sensibilizzazione e informazione sull'Alzheimer e altri tipi di demenza.Ciclo di incontri per spiegare l’Alzheimer ai bambini da 3 a 8 anni, con letture animate.";"L'Ufficio Politiche a favore delle persone non autosufficienti del Servizio Politiche sanitarie e per la non autosufficienza, della Provincia Autonoma di Trento promuove il &quot;mese di sensibilizzazione e informazione sull'Alzheimer e altri tipi di demenza&quot;.Alzheimer spiegato ai bambini. Letture animate per bambini dai 3 ai 8 anni.Tutti i lunedì del mese di settembre a Riva del Garda: il 5 alle 15.30 alla Biblioteca di Matisse (Luogo Comune), il 12 alle 15.30 al parco del rione Degasperi, il 19 alle 15.30 al parco di Sant’Alessandro e il 26 alle 15.30 al parco del Pernone (Varone). Informazioni: 349 8496068, luogocomune.riva@gmail.com.";"2022 Alzheimer";;Adulti,Anziani,Famiglie,Giovani;;;;https://www.altogardaeledro.tn.it/content/download/2357/67248/2/Locandina-AlzheimerFest2022.pdf;"Associazione ""Luogo Comune""";;;;;;;;"Sportello Sociale";;;;;;;;0
8cc8c39b2a7889212e26cb83769a4b44;2022-09-26T15:22:42+02:00;2022-09-26T15:23:25+02:00;"MINIONS 2";"COME GRU DIVENTA CATTIVISSIMO";;"Proiezione cinematografica";"Istruzione, cultura e sport
Tempo libero";;2;"Regia di Kyle Balda, Brad AblesonUsa, 2022 | Animazione, avventura, family | Durata 90’";"INGRESSO:


INTERO 7,00€

RIDOTTO 5,00€ (over 65, minori 14 anni, studenti fino ai 25 anni)


APERTURA BIGLIETTERIA: 30 MINUTI PRIMA DELLA PROIEZIONE";;;Giovani,Famiglie;;Cinema;;;;;;;;;;;"Segreteria e protocollo
Patrimonio";;;;;;;;0
e8a1f7d8ff466e070d1cd0420812492f;2022-09-26T15:24:54+02:00;2022-09-26T15:25:23+02:00;"IL SIGNORE DELLE FORMICHE";;;"Proiezione cinematografica";"Istruzione, cultura e sport
Tempo libero";;2;"Regia di Gianni Amelio.Con Luigi Lo Cascio, Elio Germano, Sara Serraiocco | Italia, 2022 | Drammatico | durata 130’";"INGRESSO:


INTERO 7,00€

RIDOTTO 5,00€ (over 65, minori 14 anni, studenti fino ai 25 anni)


APERTURA BIGLIETTERIA: 30 MINUTI PRIMA DELLA PROIEZIONE";;;Giovani,Famiglie;;Cinema;;;;;;;;;;;"Segreteria e protocollo
Patrimonio";;;;;;;;0
c3c6c8296effd8b431879afb0372640a;2022-09-26T15:25:39+02:00;2022-09-26T15:26:36+02:00;ALCARRAS;"L’ULTIMO RACCOLTO";;"Proiezione cinematografica";"Istruzione, cultura e sport
Tempo libero";;2;"Regia di Carla Simòn.
Con Jordi Pujol Dolcet, Anna Otin, Xènia Roset.Spagna, Italia, 2022 | Drammatico | durata 120";"INGRESSO:


INTERO 7,00€

RIDOTTO 5,00€ (over 65, minori 14 anni, studenti fino ai 25 anni)


APERTURA BIGLIETTERIA: 30 MINUTI PRIMA DELLA PROIEZIONE";;;Giovani,Famiglie;;Cinema;;;;;;;;;;;"Segreteria e protocollo
Patrimonio";;;;;;;;0
75c8ec3037c9fa811f65379cc184e533;2022-09-26T15:23:43+02:00;2022-09-26T15:24:44+02:00;"IL SIGNORE DELLE FORMICHE";;;"Proiezione cinematografica";"Istruzione, cultura e sport
Tempo libero";;2;"Regia di Gianni Amelio.Con Luigi Lo Cascio, Elio Germano, Sara Serraiocco | Italia, 2022 | Drammatico | durata 130’";"INGRESSO:


INTERO 7,00€

RIDOTTO 5,00€ (over 65, minori 14 anni, studenti fino ai 25 anni)


APERTURA BIGLIETTERIA: 30 MINUTI PRIMA DELLA PROIEZIONE";;;Giovani,Famiglie;;Cinema;;;;;;;;;;;"Segreteria e protocollo
Patrimonio";;;;;;;;0
5047bb40f61297b5c57ac3a4dba7a24a;2022-09-26T15:28:31+02:00;2022-09-26T15:29:00+02:00;"TUTTI A BORDO";;;"Proiezione cinematografica";"Istruzione, cultura e sport
Tempo libero";;2;"Regia di Luca Miniero.
Con Stefano Fresi, Giovanni Storti, Carlo Buccirosso.Italia, 2022 | Commedia | durata 105";"INGRESSO:


INTERO 7,00€

RIDOTTO 5,00€ (over 65, minori 14 anni, studenti fino ai 25 anni)


APERTURA BIGLIETTERIA: 30 MINUTI PRIMA DELLA PROIEZIONE";;;Giovani,Famiglie;;Cinema;;;;;;;;;;;"Segreteria e protocollo
Patrimonio";;;;;;;;0
e403f58f93994d5e22aa8f00ca6d21fc;2022-09-26T15:27:07+02:00;2022-09-26T15:28:23+02:00;"TUTTI A BORDO";;;"Proiezione cinematografica";"Istruzione, cultura e sport
Tempo libero";;2;"Regia di Luca Miniero.
Con Stefano Fresi, Giovanni Storti, Carlo Buccirosso.Italia, 2022 | Commedia | durata 105";"INGRESSO:


INTERO 7,00€

RIDOTTO 5,00€ (over 65, minori 14 anni, studenti fino ai 25 anni)


APERTURA BIGLIETTERIA: 30 MINUTI PRIMA DELLA PROIEZIONE";;;Giovani,Famiglie;;Cinema;;;;;;;;;;;"Segreteria e protocollo
Patrimonio";;;;;;;;0
8493c4fea1aa852947b53c7ffd8d6170;2022-09-26T15:20:17+02:00;2022-09-26T15:20:54+02:00;ELVIS;;;"Proiezione cinematografica";"Istruzione, cultura e sport
Tempo libero";;2;"
Regia di Baz Luhrmann.
Con Tom Hanks, Austin Butler, Luke Bracey.
Australia, Stati Uniti d’America, 2022Biografico, Musicale | durata 159’";"INGRESSO:


INTERO 7,00€

RIDOTTO 5,00€ (over 65, minori 14 anni, studenti fino ai 25 anni)


APERTURA BIGLIETTERIA: 30 MINUTI PRIMA DELLA PROIEZIONE";;;Giovani,Famiglie;;Cinema;;;;;;;;;;;"Segreteria e protocollo
Patrimonio";;;;;;;;0
03709bd4be0b85d04f434e31ac5f197d;2022-09-26T15:15:42+02:00;2022-09-26T15:19:52+02:00;ELVIS;;;"Proiezione cinematografica";"Istruzione, cultura e sport
Tempo libero";;2;"
Regia di Baz Luhrmann.
Con Tom Hanks, Austin Butler, Luke Bracey.
Australia, Stati Uniti d’America, 2022Biografico, Musicale | durata 159’";"INGRESSO:


INTERO 7,00€

RIDOTTO 5,00€ (over 65, minori 14 anni, studenti fino ai 25 anni)


APERTURA BIGLIETTERIA: 30 MINUTI PRIMA DELLA PROIEZIONE";;;Giovani,Famiglie;;Cinema;;;;;;;;;;;"Segreteria e protocollo
Patrimonio";;;;;;;;0
767d84fb8a4e445dbcad044a0cf555ce;2022-09-26T15:21:07+02:00;2022-09-26T15:22:33+02:00;"MINIONS 2";"MINIONS 2";;"Proiezione cinematografica";"Istruzione, cultura e sport
Tempo libero";;2;"Regia di Kyle Balda, Brad AblesonUsa, 2022 | Animazione, avventura, family | Durata 90’";"INGRESSO:


INTERO 7,00€

RIDOTTO 5,00€ (over 65, minori 14 anni, studenti fino ai 25 anni)


APERTURA BIGLIETTERIA: 30 MINUTI PRIMA DELLA PROIEZIONE";;;Giovani,Famiglie;;Cinema;;;;;;;;;;;"Segreteria e protocollo
Patrimonio";;;;;;;;0
bc4351ed89083e85de12d803a91a5a48;2022-09-26T15:30:58+02:00;2022-09-26T15:31:51+02:00;"TUESDAY CLUB";"IL TALISMANO DELLA FELICITÀ";;"Proiezione cinematografica";"Istruzione, cultura e sport
Tempo libero";;2;"PIACERE DEL CINEMARegia di Annika Appelin.
Con Marie Richardson, Peter Storemare, Sussie Eriksson.Svezia, 2022 | Commedia, sentimentale | durata 100";"INGRESSO:


INTERO 7,00€

RIDOTTO 5,00€ (over 65, minori 14 anni, studenti fino ai 25 anni)


APERTURA BIGLIETTERIA: 30 MINUTI PRIMA DELLA PROIEZIONE";;;Giovani,Famiglie;;Cinema;;;;;;;;;;;"Segreteria e protocollo
Patrimonio";;;;;;;;0
93cb673d38c9580eb9fed68a6677484a;2022-09-26T15:29:40+02:00;2022-09-26T15:30:40+02:00;LUNANA;"IL VIAGGIO ALLA FINE DEL MONDO";;"Proiezione cinematografica";"Istruzione, cultura e sport
Tempo libero";;2;"PIACERE DEL CINEMARegia di Pawo Choyning Dorji.
Con Sherab Dorji, Kelden Lhamo Gurung.Usa, 2021 | Drammatico | durata 110";"INGRESSO:


INTERO 7,00€

RIDOTTO 5,00€ (over 65, minori 14 anni, studenti fino ai 25 anni)


APERTURA BIGLIETTERIA: 30 MINUTI PRIMA DELLA PROIEZIONE";;;Giovani,Famiglie;;Cinema;;;;;;;;;;;"Segreteria e protocollo
Patrimonio";;;;;;;;0
d4309717333014dfe06db501a069cf92;2022-09-26T15:33:47+02:00;2022-09-26T15:34:08+02:00;"TICKET TO PARADISE";;;"Proiezione cinematografica";"Istruzione, cultura e sport
Tempo libero";;2;"Regia di Ol Parker.
Con George Clooney, Julia Roberts, Billie Lourd.Usa, 2022 | Commedia, sentimentale | durata 104’";"INGRESSO:


INTERO 7,00€

RIDOTTO 5,00€ (over 65, minori 14 anni, studenti fino ai 25 anni)


APERTURA BIGLIETTERIA: 30 MINUTI PRIMA DELLA PROIEZIONE";;;Giovani,Famiglie;;Cinema;;;;;;;;;;;"Segreteria e protocollo
Patrimonio";;;;;;;;0
5986837bacdc7a98ce5ec32724f7578c;2022-09-26T15:33:10+02:00;2022-09-26T15:33:38+02:00;"TICKET TO PARADISE";;;"Proiezione cinematografica";"Istruzione, cultura e sport
Tempo libero";;2;"Regia di Ol Parker.
Con George Clooney, Julia Roberts, Billie Lourd.Usa, 2022 | Commedia, sentimentale | durata 104’";"INGRESSO:


INTERO 7,00€

RIDOTTO 5,00€ (over 65, minori 14 anni, studenti fino ai 25 anni)


APERTURA BIGLIETTERIA: 30 MINUTI PRIMA DELLA PROIEZIONE";;;Giovani,Famiglie;;Cinema;;;;;;;;;;;"Segreteria e protocollo
Patrimonio";;;;;;;;0
2e5d6d149e9ceff0c5ba2a96c3a99d6c;2022-09-26T15:32:03+02:00;2022-09-26T15:33:01+02:00;"TICKET TO PARADISE";;;"Proiezione cinematografica";"Istruzione, cultura e sport
Tempo libero";;2;"Regia di Ol Parker.
Con George Clooney, Julia Roberts, Billie Lourd.Usa, 2022 | Commedia, sentimentale | durata 104’";"INGRESSO:


INTERO 7,00€

RIDOTTO 5,00€ (over 65, minori 14 anni, studenti fino ai 25 anni)


APERTURA BIGLIETTERIA: 30 MINUTI PRIMA DELLA PROIEZIONE";;;Giovani,Famiglie;;Cinema;;;;;;;;;;;"Segreteria e protocollo
Patrimonio";;;;;;;;0
14409597f7cdbf1870d68e240c6704de;2022-09-26T15:29:07+02:00;2022-09-26T15:29:27+02:00;"TUTTI A BORDO";;;"Proiezione cinematografica";"Istruzione, cultura e sport
Tempo libero";;2;"Regia di Luca Miniero.
Con Stefano Fresi, Giovanni Storti, Carlo Buccirosso.Italia, 2022 | Commedia | durata 105";"INGRESSO:


INTERO 7,00€

RIDOTTO 5,00€ (over 65, minori 14 anni, studenti fino ai 25 anni)


APERTURA BIGLIETTERIA: 30 MINUTI PRIMA DELLA PROIEZIONE";;;Giovani,Famiglie;;Cinema;;;;;;;;;;;"Segreteria e protocollo
Patrimonio";;;;;;;;0
edaa41ed8f97164628569f7aa418f86a;2022-10-07T11:57:56+02:00;2022-10-07T11:59:22+02:00;"TUESDAY CLUB";"IL TALISMANO DELLA FELICITÀ";;"Proiezione cinematografica";"Istruzione, cultura e sport
Tempo libero";;2;"Regia di Annika Appelin.Con Marie Richardson, Peter Storemare, Sussie Eriksson. | Svezia, 2022 | Commedia, sentimentale | durata 100’Amore e cucina in Svezia. Una commedia che punta sui buoni sentimenti, sulle seconde possibilità e sulla libertà ritrovata. Karen è una donna di mezza età con una famiglia felice e una bella casa, ma quando alla festa del 40° anniversario di matrimonio scopre il tradimento del marito Sten, tutto cambia. Dopo una vita trascorsa a prendersi cura dei figli e del consorte, decide che è tempo di darsi una seconda possibilità: con l’aiuto delle amiche e seguendo la sua passione per la cucina, troverà un nuovo equilibrio.";"INGRESSO:


INTERO 7,00€

RIDOTTO 5,00€ (over 65, minori 14 anni, studenti fino ai 25 anni)


APERTURA BIGLIETTERIA: 30 MINUTI PRIMA DELLA PROIEZIONE";;;Giovani,Famiglie;;Cinema;;;;;;;;;;;"Segreteria e protocollo
Patrimonio";;;;;;;;0
3911677e787dc6485666c11d41dcd830;2022-10-07T11:55:51+02:00;2022-10-07T11:57:23+02:00;LUNANA;"IL VILLAGGIO ALLA FINE DEL MONDO";;"Proiezione cinematografica";"Istruzione, cultura e sport
Tempo libero";;2;"Regia di Pawo Choyning Dorji.Con Sherab Dorji, Kelden Lhamo Gurung, Ugyen Norbu Lhendup. | Bhutan, 2021 | Drammatico, avventura | durata 110’Un giovane insegnante del Bhutan moderno, Ugyen, si sottrae ai suoi doveri mentre progetta di andare in Australia per diventare un cantante e, come rimprovero, viene mandato ad insegnare ai bambini nella scuola più remota del mondo, in un villaggio chiamato Lunana, privo di elettricità e strumenti didattici. Quando sta per prendere la decisione di tornare a casa, i bambini e la straordinaria forza spirituale degli abitanti del villaggio gli faranno scoprire l’autenticità di un mondo tanto lontano quanto umano.";"INGRESSO:


INTERO 7,00€

RIDOTTO 5,00€ (over 65, minori 14 anni, studenti fino ai 25 anni)


APERTURA BIGLIETTERIA: 30 MINUTI PRIMA DELLA PROIEZIONE";;;Giovani,Famiglie;;Cinema;;;;;;;;;;;"Segreteria e protocollo
Patrimonio";;;;;;;;0
5baeec7a89f228c5df4d694b07033e7a;2022-10-07T11:59:29+02:00;2022-10-07T12:01:06+02:00;SICCITÀ;;;"Proiezione cinematografica";"Istruzione, cultura e sport
Tempo libero";;2;"Di Paolo Virzì.Con Silvio Orlando, Valerio Mastandrea, Elena Lietti, Tommaso Ragno, Claudia Pandolfi. | Italia, 2022 | Commedia, drammatico | durata 124’A Roma non piove da tre anni e la mancanza d’acqua stravolge regole e abitudini. Nella città che muore di sete e di divieti si muove un coro di personaggi, giovani e vecchi, emarginati e di successo, vittime e approfittatori. Le loro esistenze sono legate in un unico disegno, mentre cercano ognuno la propria redenzione. È lo sfondo su cui si muove il nuovo film di Paolo Virzì, Siccità, da un soggetto scritto insieme a Paolo Giordano con la collaborazione in sceneggiatura di Francesca Archibugi e Francesco Piccolo.";"INGRESSO:


INTERO 7,00€

RIDOTTO 5,00€ (over 65, minori 14 anni, studenti fino ai 25 anni)


APERTURA BIGLIETTERIA: 30 MINUTI PRIMA DELLA PROIEZIONE";;;Giovani,Famiglie;;Cinema;;;;;;;;;;;"Segreteria e protocollo
Patrimonio";;;;;;;;0
19ca93b177fb9ee0a572d3e9ab83de92;2022-10-07T11:52:51+02:00;2022-10-07T11:55:15+02:00;ALCARRAS;"L’ULTIMO RACCOLTO";;"Proiezione cinematografica";"Istruzione, cultura e sport
Tempo libero";;2;"Regia di Carla Simòn.Con Jordi Pujol Dolcet, Anna Otin, Xènia Roset, Albert Bosch. | Spagna/Italia, 2022 | Drammatico | durata 120'Catalogna. Nella campagna assolata, la famiglia Solé coltiva da sempre un vasto frutteto, offerto dai proprietari alla fine della guerra civile come ricompensa per un aiuto decisivo. Però non esiste alcun documento in proposito e quando gli eredi dei vecchi proprietari decidono di destinare ad altro uso i terreni, la famiglia Solé si trova invischiata in una imprevista e controversa epopea.";"INGRESSO:


INTERO 7,00€

RIDOTTO 5,00€ (over 65, minori 14 anni, studenti fino ai 25 anni)


APERTURA BIGLIETTERIA: 30 MINUTI PRIMA DELLA PROIEZIONE";;;Giovani,Famiglie;;Cinema;;;;;;;;;;;"Segreteria e protocollo
Patrimonio";;;;;;;;0
7acb21eed91a98f02fdc591c199d0e0a;2022-10-07T12:03:24+02:00;2022-10-07T12:04:42+02:00;DANTE;;;"Proiezione cinematografica";"Istruzione, cultura e sport
Tempo libero";;2;"Regia di Pupi Avati. Con Sergio Castellitto, Alessandro Sperduti, Enrico Lo Verso, Alessandro Haber. | Italia, 2022 | Storico, biografico | durata 94’Dante muore in esilio a Ravenna nel 1321. Settembre 1350. Giovanni Boccaccio viene incaricato di portare dieci fiorini d’oro come risarcimento simbolico a Suor Beatrice, figlia di Dante Alighieri, monaca a Ravenna nel monastero di Santo Stefano degli Ulivi. Nel suo lungo viaggio Boccaccio oltre alla figlia incontrerà chi, negli ultimi anni dell’esilio ravennate, diede riparo e offrì accoglienza al sommo poeta e chi, al contrario, lo respinse e lo mise in fuga. Ripercorrendo da Firenze a Ravenna una parte di quello che fu il tragitto di Dante, sostando negli stessi conventi, negli stessi borghi, nelle domande che pone e nelle risposte che ottiene, Boccaccio ricostruisce la vicenda umana di Dante, fino a poterci narrare la sua intera storia";"INGRESSO:


INTERO 7,00€

RIDOTTO 5,00€ (over 65, minori 14 anni, studenti fino ai 25 anni)


APERTURA BIGLIETTERIA: 30 MINUTI PRIMA DELLA PROIEZIONE";;;Giovani,Famiglie;;Cinema;;;;;;;;;;;"Segreteria e protocollo
Patrimonio";;;;;;;;0
8e21b32a9a6dc8454f0077bd08fa7561;2022-10-07T12:01:46+02:00;2022-10-07T12:03:13+02:00;MAIGRET;;;"Proiezione cinematografica";"Istruzione, cultura e sport
Tempo libero";;2;"Regia Patrice Leconte.Con Gérard Depardieu, Aurore Clément, Mélanie Bernier, Jade Labeste. | Francia, Belgio, 2022 | Giallo | durata 89’“Mai Maigret fu più adatto. È il caso del grande Gérard Depardieu che con la sua andatura incerta, mentre fuma la pipa (anche se il medico gliel’ha sconsigliato) veste i panni del famoso personaggio letterario nato dalla penna di Georges Simenon. Protagonista di settantacinque romanzi e ventotto racconti di genere poliziesco rappresentati in numerose produzioni cinematografiche, radiofoniche e televisive, interpretato da cinesi, giapponesi e inglesi, nonché dall’italiano Gino Cervi, Maigret sembra essere stato scritto apposta per essere recitato dal grande attore francese.” (Giulia Lucchini – Cinematografo– 15 sttembre 2022)";"INGRESSO:


INTERO 7,00€

RIDOTTO 5,00€ (over 65, minori 14 anni, studenti fino ai 25 anni)


APERTURA BIGLIETTERIA: 30 MINUTI PRIMA DELLA PROIEZIONE";;;Giovani,Famiglie;;Cinema;;;;;;;;;;;"Segreteria e protocollo
Patrimonio";;;;;;;;0
f11c7a1ef5860321e872fba77a529cd2;2022-10-07T12:01:18+02:00;2022-10-07T12:01:36+02:00;SICCITÀ;;;"Proiezione cinematografica";"Istruzione, cultura e sport
Tempo libero";;2;"Di Paolo Virzì.Con Silvio Orlando, Valerio Mastandrea, Elena Lietti, Tommaso Ragno, Claudia Pandolfi. | Italia, 2022 | Commedia, drammatico | durata 124’A Roma non piove da tre anni e la mancanza d’acqua stravolge regole e abitudini. Nella città che muore di sete e di divieti si muove un coro di personaggi, giovani e vecchi, emarginati e di successo, vittime e approfittatori. Le loro esistenze sono legate in un unico disegno, mentre cercano ognuno la propria redenzione. È lo sfondo su cui si muove il nuovo film di Paolo Virzì, Siccità, da un soggetto scritto insieme a Paolo Giordano con la collaborazione in sceneggiatura di Francesca Archibugi e Francesco Piccolo.";"INGRESSO:


INTERO 7,00€

RIDOTTO 5,00€ (over 65, minori 14 anni, studenti fino ai 25 anni)


APERTURA BIGLIETTERIA: 30 MINUTI PRIMA DELLA PROIEZIONE";;;Giovani,Famiglie;;Cinema;;;;;;;;;;;"Segreteria e protocollo
Patrimonio";;;;;;;;0
b12ff9efc3c5d42a07d3a8008e59736e;2022-10-14T12:33:55+02:00;2022-10-14T12:35:12+02:00;"IL RAGAZZO E LA TIGRE";;;"Proiezione cinematografica";"Istruzione, cultura e sport
Tempo libero";;2;"Regia di Brando Quilici.
Con Sunny Pawar, Claudia Gerini, Yoon C. Joyce,
Shi Yang, Amandeep Singh.Italia, 2022 | Avventura, family | durata 94’";"INGRESSO:


INTERO 7,00€

RIDOTTO 5,00€ (over 65, minori 14 anni, studenti fino ai 25 anni)


APERTURA BIGLIETTERIA: 30 MINUTI PRIMA DELLA PROIEZIONE";;;Giovani,Famiglie;;Cinema;;;;;;;;;;;"Segreteria e protocollo
Patrimonio";;;;;;;;0
2f7b7ff89b4f9f7d1862405b636c67eb;2022-10-14T12:36:03+02:00;2022-10-14T12:36:52+02:00;"IL RAGAZZO E LA TIGRE";;;"Proiezione cinematografica";"Istruzione, cultura e sport
Tempo libero";;2;"Regia di Brando Quilici.
Con Sunny Pawar, Claudia Gerini, Yoon C. Joyce,
Shi Yang, Amandeep Singh.Italia, 2022 | Avventura, family | durata 94’";"INGRESSO:


INTERO 7,00€

RIDOTTO 5,00€ (over 65, minori 14 anni, studenti fino ai 25 anni)


APERTURA BIGLIETTERIA: 30 MINUTI PRIMA DELLA PROIEZIONE";;;Giovani,Famiglie;;Cinema;;;;;;;;;;;"Segreteria e protocollo
Patrimonio";;;;;;;;0
79ab2a14e71e985c600c4d4512d6deb5;2022-10-14T12:35:21+02:00;2022-10-14T12:35:46+02:00;"IL RAGAZZO E LA TIGRE";;;"Proiezione cinematografica";"Istruzione, cultura e sport
Tempo libero";;2;"Regia di Brando Quilici.
Con Sunny Pawar, Claudia Gerini, Yoon C. Joyce,
Shi Yang, Amandeep Singh.Italia, 2022 | Avventura, family | durata 94’";"INGRESSO:


INTERO 7,00€

RIDOTTO 5,00€ (over 65, minori 14 anni, studenti fino ai 25 anni)


APERTURA BIGLIETTERIA: 30 MINUTI PRIMA DELLA PROIEZIONE";;;Giovani,Famiglie;;Cinema;;;;;;;;;;;"Segreteria e protocollo
Patrimonio";;;;;;;;0
4e80caa55c2c98a00521fb58d96bb684;2022-10-14T12:27:24+02:00;2022-10-14T12:29:41+02:00;"DON’T WORRY DARLING";;;"Proiezione cinematografica";"Istruzione, cultura e sport
Tempo libero";;2;"Regia di Olivia Wilde.
Con Florence Pugh, Harry Styles, Olivia Wilde, Chris Pine.Usa, 2022 | Thriller | durata 120’";"INGRESSO:


INTERO 7,00€

RIDOTTO 5,00€ (over 65, minori 14 anni, studenti fino ai 25 anni)


APERTURA BIGLIETTERIA: 30 MINUTI PRIMA DELLA PROIEZIONE";;;Giovani,Famiglie;;Cinema;;;;;;;;;;;"Segreteria e protocollo
Patrimonio";;;;;;;;0
8ac7839e1359afb2a520a9b3db2c49f2;2022-10-14T12:24:51+02:00;2022-10-14T12:26:58+02:00;"DON’T WORRY DARLING";;;"Proiezione cinematografica";"Istruzione, cultura e sport
Tempo libero";;2;"Regia di Olivia Wilde.
Con Florence Pugh, Harry Styles, Olivia Wilde, Chris Pine.Usa, 2022 | Thriller | durata 120’";"INGRESSO:


INTERO 7,00€

RIDOTTO 5,00€ (over 65, minori 14 anni, studenti fino ai 25 anni)


APERTURA BIGLIETTERIA: 30 MINUTI PRIMA DELLA PROIEZIONE";;;Giovani,Famiglie;;Cinema;;;;;;;;;;;"Segreteria e protocollo
Patrimonio";;;;;;;;0
264f686bd31fa2dd9bfc6b936d9043b7;2022-10-14T12:42:18+02:00;2022-10-14T12:43:18+02:00;"HALLOWEEN ENDS";;;"Proiezione cinematografica";"Istruzione, cultura e sport
Tempo libero";;2;"Regia di David Gordon Green.
Con Jamie Lee Curtis, Judy Greer, Andi Matichak, Nick Castle.Usa, 2022 | Horror | durata 111’";"INGRESSO:


INTERO 7,00€

RIDOTTO 5,00€ (over 65, minori 14 anni, studenti fino ai 25 anni)


APERTURA BIGLIETTERIA: 30 MINUTI PRIMA DELLA PROIEZIONE";;;Giovani,Famiglie;;Cinema;;;;;;;;;;;"Segreteria e protocollo
Patrimonio";;;;;;;;0
050ee0e5cdd7477feeca650e58bdb2c8;2022-10-14T12:41:32+02:00;2022-10-14T12:42:06+02:00;SICCITÀ;;;"Proiezione cinematografica";"Istruzione, cultura e sport
Tempo libero";;2;"Di Paolo Virzì.
Con Silvio Orlando, Valerio Mastandrea, Claudia Pandolfi,
Tommaso Ragno.Italia, 2022 | Commedia drammatica | durata 124’";"INGRESSO:


INTERO 7,00€

RIDOTTO 5,00€ (over 65, minori 14 anni, studenti fino ai 25 anni)


APERTURA BIGLIETTERIA: 30 MINUTI PRIMA DELLA PROIEZIONE";;;Giovani,Famiglie;;Cinema;;;;;;;;;;;"Segreteria e protocollo
Patrimonio";;;;;;;;0
1c47040dddc4adc21e5827e075168936;2022-10-14T12:37:07+02:00;2022-10-14T12:41:22+02:00;SICCITÀ;;;"Proiezione cinematografica";"Istruzione, cultura e sport
Tempo libero";;2;"Di Paolo Virzì.
Con Silvio Orlando, Valerio Mastandrea, Claudia Pandolfi,
Tommaso Ragno.Italia, 2022 | Commedia drammatica | durata 124’";"INGRESSO:


INTERO 7,00€

RIDOTTO 5,00€ (over 65, minori 14 anni, studenti fino ai 25 anni)


APERTURA BIGLIETTERIA: 30 MINUTI PRIMA DELLA PROIEZIONE";;;Giovani,Famiglie;;Cinema;;;;;;;;;;;"Segreteria e protocollo
Patrimonio";;;;;;;;0
d66ab5d4f881a898bb5a0634bb9ac66d;2022-10-14T12:44:34+02:00;2022-10-14T12:45:25+02:00;"HALLOWEEN ENDS";;;"Proiezione cinematografica";"Istruzione, cultura e sport
Tempo libero";;2;"Regia di David Gordon Green.
Con Jamie Lee Curtis, Judy Greer, Andi Matichak, Nick Castle.Usa, 2022 | Horror | durata 111’";"INGRESSO:


INTERO 7,00€

RIDOTTO 5,00€ (over 65, minori 14 anni, studenti fino ai 25 anni)


APERTURA BIGLIETTERIA: 30 MINUTI PRIMA DELLA PROIEZIONE";;;Giovani,Famiglie;;Cinema;;;;;;;;;;;"Segreteria e protocollo
Patrimonio";;;;;;;;0
073ca7332b5bff5acff0107584094ceb;2022-10-14T12:48:26+02:00;2022-10-14T12:49:03+02:00;"BLACK ADAM";;;"Proiezione cinematografica";"Istruzione, cultura e sport
Tempo libero";;2;"Regia di Jaume Collet-Serra.
Con Dwayne Johnson, Pierce Brosnan, Sarah Shahi.Usa, 2022 | Azione, fantasy | durata 122’";"INGRESSO:


INTERO 7,00€

RIDOTTO 5,00€ (over 65, minori 14 anni, studenti fino ai 25 anni)


APERTURA BIGLIETTERIA: 30 MINUTI PRIMA DELLA PROIEZIONE";;;Giovani,Famiglie;;Cinema;;;;;;;;;;;"Segreteria e protocollo
Patrimonio";;;;;;;;0
e7ff58ffc30dceec42fdcf2ac0ae4c11;2022-10-14T12:47:06+02:00;2022-10-14T12:48:20+02:00;"BLACK ADAM";;;"Proiezione cinematografica";"Istruzione, cultura e sport
Tempo libero";;2;"Regia di Jaume Collet-Serra.
Con Dwayne Johnson, Pierce Brosnan, Sarah Shahi.Usa, 2022 | Azione, fantasy | durata 122’";"INGRESSO:


INTERO 7,00€

RIDOTTO 5,00€ (over 65, minori 14 anni, studenti fino ai 25 anni)


APERTURA BIGLIETTERIA: 30 MINUTI PRIMA DELLA PROIEZIONE";;;Giovani,Famiglie;;Cinema;;;;;;;;;;;"Segreteria e protocollo
Patrimonio";;;;;;;;0
fa8255d69c3de673cce8639f55b292f8;2022-10-14T12:45:40+02:00;2022-10-14T12:46:29+02:00;MAIGRET;;;"Proiezione cinematografica";"Istruzione, cultura e sport
Tempo libero";;2;"Regia Patrice Leconte.
Con Gérard Depardieu, Aurore Clément, Mélanie Bernier,
Jade Labeste.Francia, Belgio, 2022 | Giallo | durata 89’";"INGRESSO:


INTERO 7,00€

RIDOTTO 5,00€ (over 65, minori 14 anni, studenti fino ai 25 anni)


APERTURA BIGLIETTERIA: 30 MINUTI PRIMA DELLA PROIEZIONE";;;Giovani,Famiglie;;Cinema;;;;;;;;;;;"Segreteria e protocollo
Patrimonio";;;;;;;;0
58975cc0db816ab850ed5842f6ab8674;2022-10-17T14:58:43+02:00;2022-10-17T14:58:43+02:00;"_Uffici chiusi_";"Chiusura uffici al pubblico";;"Giornata informativa";"Governo e settore pubblico
Vita istituzionale";;2;"Con decreto n. 11 di data 09.02.2022 è stato disposta la chiusura degli uffici della Comunità nella giornata di Lunedì 31 ottobre 2022.";;Chiusura_uffici;;"Fasce generali di popolazione";;"Comunità Alto Garda e Ledro";;;;;;;;;;;"Segreteria e protocollo";;;;;;;;0
d03ba95ea734afd51b87fb6dc2779211;2022-11-02T13:38:24+01:00;2022-11-02T13:38:24+01:00;"L'Aministratore di sostegno";"Figura a sostegno della persona fragile";;"Giornata aperta";"Popolazione e società";;2;"Serata Informativa";"Mercoledì 16 novembre a partire dalle ore 18:00 è organizzata una serata informativa sul tema «L'Amministratore di sostegno: una figura a sostegno della persona fragile&quot;";"Amministratore di sostegno";;"Fasce generali di popolazione";;"A.P.S.P. Residenza Molino";;https://www.altogardaeledro.tn.it/content/download/2670/79043/1/locandina+serata+info+16+novembre.pdf;;;;;;;;;"Sportello Sociale";;;;;;;;0
161ceb3a247a99b76e368089a5f56edc;2022-11-09T09:06:51+01:00;2022-11-09T09:07:41+01:00;"Forum Territoriale";"Parco Fluviale della Sarca. Accordo di programma 2019/2021: Convocazione Forum Territoriale";;"Giornata informativa";Ambiente;;2;"Serata di confronto con le comunità della Sarca per presentare la proposta di Programma degli Interventi Triennale (2023/25) del Parco Fluviale Sarca";"Incontro del Forum Territoriale del Parco Fluviale della Sarca.Alle ore 20:30 di lunedì 14 novembre 2022 è organizzata una serata di confronto con le comunità della Sarca per presentare la proposta di Programma degli Interventi Triennale (2023/25) del Parco Fluviale Sarca elaborato in seguito alla fase di ascolto condotta sui territori nel corso dell’estate 2022.L'incontro avrà luogo presso la Sede del Parco Fluviale Sarca, in Viale Dante n. 46 in Tione di Trento (secondo piano, Sala Centro Studi Judicaria).Tutti i cittadini sono invitati.";"BIM - Forum Territoriale";;"Fasce generali di popolazione";;;;"https://www.altogardaeledro.tn.it/content/download/2709/80404/2/03-98447405Volantino Forum Territoriale Sarca 14 novembre 202.pdf";"BIM Sarca - Mincio - Garda";;;;"https://www.altogardaeledro.tn.it/ocmultibinary/download/2709/80409/2/a80b0020f3375c5fa3295a9dab82ffc2.pdf/file/02-98447396Avviso pubblico - convocazione Forum Territoriale Parco Fluviale Sarca.pdf";;;;"Segreteria e protocollo";;;;;;;;0
77f56c7250dec202cad72caa7beaf113;2022-11-15T15:13:34+01:00;2022-11-15T15:13:58+01:00;"BLACK PANTHER";"WAKANDA FOREVER";;"Proiezione cinematografica";"Istruzione, cultura e sport
Tempo libero";;2;"
Regia di Ryan Coogler.
Con Angela Bassett, Letitia Michelle Wright, Winston Duke, Danai Jekesai Gurira.Usa, 2022 | Azione, fantasy | durata 159'";"INGRESSO:


INTERO 7,00€

RIDOTTO 5,00€ (over 65, minori 14 anni, studenti fino ai 25 anni)


APERTURA BIGLIETTERIA: 30 MINUTI PRIMA DELLA PROIEZIONE";;;Giovani,Famiglie;;Cinema;;;;;;;;;;;"Segreteria e protocollo
Patrimonio";;;;;;;;0
dd83a9363f1df31ce29c60e90db43268;2022-11-15T15:11:30+01:00;2022-11-15T15:13:07+01:00;"BLACK PANTHER";"WAKANDA FOREVER";;"Proiezione cinematografica";"Istruzione, cultura e sport
Tempo libero";;2;"
Regia di Ryan Coogler.
Con Angela Bassett, Letitia Michelle Wright, Winston Duke, Danai Jekesai Gurira.Usa, 2022 | Azione, fantasy | durata 159'";"INGRESSO:


INTERO 7,00€

RIDOTTO 5,00€ (over 65, minori 14 anni, studenti fino ai 25 anni)


APERTURA BIGLIETTERIA: 30 MINUTI PRIMA DELLA PROIEZIONE";;;Giovani,Famiglie;;Cinema;;;;;;;;;;;"Segreteria e protocollo
Patrimonio";;;;;;;;0
291463f2bad39b39804e929dda28ecdd;2022-11-15T15:08:41+01:00;2022-11-15T15:10:42+01:00;"TRIANGLE OF SADNESS";;;"Proiezione cinematografica";"Istruzione, cultura e sport
Tempo libero";;2;"
Regia di Ruben Östlund.
Con Harris Dickinson, Charlbi Dean, Woody Harrelson.Svezia, Gran Bretagna, USA, Francia, 2022 | Commedia drammatica | durata 145’";"INGRESSO:


INTERO 7,00€

RIDOTTO 5,00€ (over 65, minori 14 anni, studenti fino ai 25 anni)


APERTURA BIGLIETTERIA: 30 MINUTI PRIMA DELLA PROIEZIONE";;;Giovani,Famiglie;;Cinema;;;;;;;;;;;"Segreteria e protocollo
Patrimonio";;;;;;;;0
e1f2fa290326801a1aff9873071ded09;2022-11-15T15:10:50+01:00;2022-11-15T15:11:22+01:00;"TRIANGLE OF SADNESS";;;"Proiezione cinematografica";"Istruzione, cultura e sport
Tempo libero";;2;"
Regia di Ruben Östlund.
Con Harris Dickinson, Charlbi Dean, Woody Harrelson.Svezia, Gran Bretagna, USA, Francia, 2022 | Commedia drammatica | durata 145’";"INGRESSO:


INTERO 7,00€

RIDOTTO 5,00€ (over 65, minori 14 anni, studenti fino ai 25 anni)


APERTURA BIGLIETTERIA: 30 MINUTI PRIMA DELLA PROIEZIONE";;;Giovani,Famiglie;;Cinema;;;;;;;;;;;"Segreteria e protocollo
Patrimonio";;;;;;;;0
7986567e7dee8e84c7333d60aa39f3a1;2022-11-15T15:18:57+01:00;2022-11-15T15:19:26+01:00;"IL COLIBRÌ";"Tratto dal romanzo omonimo di Sandro Veronesi, vincitore del Premio Strega 2020";;"Proiezione cinematografica";"Istruzione, cultura e sport
Tempo libero";;2;"
Regia di Francesca Archibugi. Con Pierfrancesco Favino, Nanni Moretti,
Kasia Smutniak, Bérénice Bejo, Laura Morante.Italia, 2022 | Drammatico | durata 125’";"INGRESSO:


INTERO 7,00€

RIDOTTO 5,00€ (over 65, minori 14 anni, studenti fino ai 25 anni)


APERTURA BIGLIETTERIA: 30 MINUTI PRIMA DELLA PROIEZIONE";;;Giovani,Famiglie;;Cinema;;;;;;;;;;;"Segreteria e protocollo
Patrimonio";;;;;;;;0
dad661c76568a9253d08b54092e89659;2022-11-15T15:17:42+01:00;2022-11-15T15:18:48+01:00;"IL COLIBRÌ";"Tratto dal romanzo omonimo di Sandro Veronesi, vincitore del Premio Strega 2020";;"Proiezione cinematografica";"Istruzione, cultura e sport
Tempo libero";;2;"
Regia di Francesca Archibugi. Con Pierfrancesco Favino, Nanni Moretti,
Kasia Smutniak, Bérénice Bejo, Laura Morante.Italia, 2022 | Drammatico | durata 125’";"INGRESSO:


INTERO 7,00€

RIDOTTO 5,00€ (over 65, minori 14 anni, studenti fino ai 25 anni)


APERTURA BIGLIETTERIA: 30 MINUTI PRIMA DELLA PROIEZIONE";;;Giovani,Famiglie;;Cinema;;;;;;;;;;;"Segreteria e protocollo
Patrimonio";;;;;;;;0
a41ece4bf471c04604b79e5559f3197b;2022-11-15T15:17:05+01:00;2022-11-15T15:17:30+01:00;"BELLE E SEBASTIEN";"NEXT GENERATION";;"Proiezione cinematografica";"Istruzione, cultura e sport
Tempo libero";;2;"
Regia di Pierre Coré. Con Robinson Mensah Rouanet, Michèle Laroque, Alice
David, Caroline Anglade.Francia, 2022 | Avventura, family | durata 96’";"INGRESSO:


INTERO 7,00€

RIDOTTO 5,00€ (over 65, minori 14 anni, studenti fino ai 25 anni)


APERTURA BIGLIETTERIA: 30 MINUTI PRIMA DELLA PROIEZIONE";;;Giovani,Famiglie;;Cinema;;;;;;;;;;;"Segreteria e protocollo
Patrimonio";;;;;;;;0
40cc35000d38a960b3e6a36397382ca3;2022-11-15T15:15:40+01:00;2022-11-15T15:16:57+01:00;"BELLE E SEBASTIEN";"NEXT GENERATION";;"Proiezione cinematografica";"Istruzione, cultura e sport
Tempo libero";;2;"
Regia di Pierre Coré. Con Robinson Mensah Rouanet, Michèle Laroque, Alice
David, Caroline Anglade.Francia, 2022 | Avventura, family | durata 96’";"INGRESSO:


INTERO 7,00€

RIDOTTO 5,00€ (over 65, minori 14 anni, studenti fino ai 25 anni)


APERTURA BIGLIETTERIA: 30 MINUTI PRIMA DELLA PROIEZIONE";;;Giovani,Famiglie;;Cinema;;;;;;;;;;;"Segreteria e protocollo
Patrimonio";;;;;;;;0
bfaced2987b8e549ee9d3e019ba3d886;2022-11-15T15:15:05+01:00;2022-11-15T15:15:29+01:00;"L’OMBRA DI CARAVAGGIO";;;"Proiezione cinematografica";"Istruzione, cultura e sport
Tempo libero";;2;"
Regia di Michele Placido. Con Riccardo Scamarcio, Louis Garrel,
Isabelle Huppert, Micaela Ramazzotti, Tedua.Italia, Francia, 2022 | Drammatico | durata 120’";"INGRESSO:


INTERO 7,00€

RIDOTTO 5,00€ (over 65, minori 14 anni, studenti fino ai 25 anni)


APERTURA BIGLIETTERIA: 30 MINUTI PRIMA DELLA PROIEZIONE";;;Giovani,Famiglie;;Cinema;;;;;;;;;;;"Segreteria e protocollo
Patrimonio";;;;;;;;0
4dea0a9ef4c09854a11f1c7d9c6400b0;2022-11-15T15:14:06+01:00;2022-11-15T15:14:56+01:00;"L’OMBRA DI CARAVAGGIO";;;"Proiezione cinematografica";"Istruzione, cultura e sport
Tempo libero";;2;"
Regia di Michele Placido. Con Riccardo Scamarcio, Louis Garrel,
Isabelle Huppert, Micaela Ramazzotti, Tedua.Italia, Francia, 2022 | Drammatico | durata 120’";"INGRESSO:


INTERO 7,00€

RIDOTTO 5,00€ (over 65, minori 14 anni, studenti fino ai 25 anni)


APERTURA BIGLIETTERIA: 30 MINUTI PRIMA DELLA PROIEZIONE";;;Giovani,Famiglie;;Cinema;;;;;;;;;;;"Segreteria e protocollo
Patrimonio";;;;;;;;0
6ee0d658b3d78cb17e9163f5de2af808;2022-11-15T15:21:30+01:00;2022-11-15T15:22:26+01:00;"LO SCHIACCIANOCI E IL FLAUTO MAGICO";;;"Proiezione cinematografica";"Istruzione, cultura e sport
Tempo libero";;2;"Regia di Vikor Glukhusin. Russia, Ungheria, 2022 | Animazione, family | durata 88’";"INGRESSO:


INTERO 7,00€

RIDOTTO 5,00€ (over 65, minori 14 anni, studenti fino ai 25 anni)


APERTURA BIGLIETTERIA: 30 MINUTI PRIMA DELLA PROIEZIONE";;;Giovani,Famiglie;;Cinema;;;;;;;;;;;"Segreteria e protocollo
Patrimonio";;;;;;;;0
407cbdb726ccd3f44a8bfcac3fd3f6d4;2022-11-15T15:20:55+01:00;2022-11-15T15:21:19+01:00;"MOONAGE DAYDREAM";BOWIE;;"Proiezione cinematografica";"Istruzione, cultura e sport
Tempo libero";;2;"
Regia di Brett Morgen. Con David Bowie.Usa, 2022 | Documentario biografico musicale | durata 135’";"INGRESSO:


INTERO 7,00€

RIDOTTO 5,00€ (over 65, minori 14 anni, studenti fino ai 25 anni)


APERTURA BIGLIETTERIA: 30 MINUTI PRIMA DELLA PROIEZIONE";;;Giovani,Famiglie;;Cinema;;;;;;;;;;;"Segreteria e protocollo
Patrimonio";;;;;;;;0
e6c6f0fe9272c17a8b84b9c4191a5bec;2022-11-15T15:19:39+01:00;2022-11-15T15:20:47+01:00;"MOONAGE DAYDREAM";BOWIE;;"Proiezione cinematografica";"Istruzione, cultura e sport
Tempo libero";;2;"
Regia di Brett Morgen. Con David Bowie.Usa, 2022 | Documentario biografico musicale | durata 135’";"INGRESSO:


INTERO 7,00€

RIDOTTO 5,00€ (over 65, minori 14 anni, studenti fino ai 25 anni)


APERTURA BIGLIETTERIA: 30 MINUTI PRIMA DELLA PROIEZIONE";;;Giovani,Famiglie;;Cinema;;;;;;;;;;;"Segreteria e protocollo
Patrimonio";;;;;;;;0
55af7620fdc40334acd1d61a6646eb17;2022-11-15T15:27:10+01:00;2022-11-15T15:30:58+01:00;"LA STRANEZZA";;;"Proiezione cinematografica";"Istruzione, cultura e sport
Tempo libero";;2;"
Regia di Roberto Andò. Con Toni Servillo, Salvatore Ficarra, Valentino Picone, Renato Carpentieri, Donatella Finocchiaro, Luigi Lo Cascio.Italia, 2022 | Commedia | durata 102’";"INGRESSO:


INTERO 7,00€

RIDOTTO 5,00€ (over 65, minori 14 anni, studenti fino ai 25 anni)


APERTURA BIGLIETTERIA: 30 MINUTI PRIMA DELLA PROIEZIONE";;;Giovani,Famiglie;;Cinema;;;"Trentino Spettacoli";;;;;;;;"Segreteria e protocollo";;;;;;;;0
ac117621df9f90c97ee572989da495aa;2022-11-15T15:26:21+01:00;2022-11-15T15:32:25+01:00;"LA STRANEZZA";;;"Proiezione cinematografica";"Istruzione, cultura e sport
Tempo libero";;2;"
Regia di Roberto Andò. Con Toni Servillo, Salvatore Ficarra, Valentino Picone, Renato Carpentieri, Donatella Finocchiaro, Luigi Lo Cascio.Italia, 2022 | Commedia | durata 102’";"INGRESSO:


INTERO 7,00€

RIDOTTO 5,00€ (over 65, minori 14 anni, studenti fino ai 25 anni)


APERTURA BIGLIETTERIA: 30 MINUTI PRIMA DELLA PROIEZIONE";;;Giovani,Famiglie;;Cinema;;;"Trentino Spettacoli";;;;;;;;"Segreteria e protocollo";;;;;;;;0
b9b43a4628e5ed9ce9c38baeea10802b;2022-11-15T15:24:29+01:00;2022-11-15T15:25:21+01:00;"LA SIGNORA HARRIS VA A PARIGI";;;"Proiezione cinematografica";"Istruzione, cultura e sport
Tempo libero";;2;"
Regia di Anthony Fabian.
Con Lesley Manville, Jason Isaacs, Isabelle Huppert, Alba Baptista.Gran Bretagna, 2022 | Commedia | durata 115’";"INGRESSO:


INTERO 7,00€

RIDOTTO 5,00€ (over 65, minori 14 anni, studenti fino ai 25 anni)


APERTURA BIGLIETTERIA: 30 MINUTI PRIMA DELLA PROIEZIONE";;;Giovani,Famiglie;;Cinema;;;;;;;;;;;"Segreteria e protocollo
Patrimonio";;;;;;;;0
52cf080cfb64c1ad3080811b2228bdad;2022-11-15T15:25:36+01:00;2022-11-15T15:26:09+01:00;"LA SIGNORA HARRIS VA A PARIGI";;;"Proiezione cinematografica";"Istruzione, cultura e sport
Tempo libero";;2;"
Regia di Anthony Fabian.
Con Lesley Manville, Jason Isaacs, Isabelle Huppert, Alba Baptista.Gran Bretagna, 2022 | Commedia | durata 115’";"INGRESSO:


INTERO 7,00€

RIDOTTO 5,00€ (over 65, minori 14 anni, studenti fino ai 25 anni)


APERTURA BIGLIETTERIA: 30 MINUTI PRIMA DELLA PROIEZIONE";;;Giovani,Famiglie;;Cinema;;;;;;;;;;;"Segreteria e protocollo
Patrimonio";;;;;;;;0
d6b538067c789ffbcbd5671ffdc325c6;2022-11-15T15:23:48+01:00;2022-11-15T15:24:12+01:00;"STRANGE WORLD";"UN MONDO MISTERIOSO";;"Proiezione cinematografica";"Istruzione, cultura e sport
Tempo libero";;2;"
Regia di Don Hall.Usa, 2022 | Animazione, avventura, family | durata 97’";"INGRESSO:


INTERO 7,00€

RIDOTTO 5,00€ (over 65, minori 14 anni, studenti fino ai 25 anni)


APERTURA BIGLIETTERIA: 30 MINUTI PRIMA DELLA PROIEZIONE";;;Giovani,Famiglie;;Cinema;;;;;;;;;;;"Segreteria e protocollo
Patrimonio";;;;;;;;0
6c2d10bb044c642e3bebdaa313d37764;2022-11-15T15:22:42+01:00;2022-11-15T15:23:41+01:00;"STRANGE WORLD";"UN MONDO MISTERIOSO";;"Proiezione cinematografica";"Istruzione, cultura e sport
Tempo libero";;2;"
Regia di Don Hall.Usa, 2022 | Animazione, avventura, family | durata 97’";"INGRESSO:


INTERO 7,00€

RIDOTTO 5,00€ (over 65, minori 14 anni, studenti fino ai 25 anni)


APERTURA BIGLIETTERIA: 30 MINUTI PRIMA DELLA PROIEZIONE";;;Giovani,Famiglie;;Cinema;;;;;;;;;;;"Segreteria e protocollo
Patrimonio";;;;;;;;0
8d3e83106399d510cf617be560854cef;2022-12-21T10:01:26+01:00;2022-12-21T10:02:09+01:00;"LO SCHIACCIANOCI E IL FLAUTO MAGICO";;;"Proiezione cinematografica";"Istruzione, cultura e sport
Tempo libero";;2;"
Regia di Vikor Glukhusin.Russia, Ungheria, 2022 | Animazione, family | durata 88’";"INGRESSO:


INTERO 7,00€

RIDOTTO 5,00€ (over 65, minori 14 anni, studenti fino ai 25 anni)


APERTURA BIGLIETTERIA: 30 MINUTI PRIMA DELLA PROIEZIONE";;;Giovani,Famiglie;;Cinema;;;"Trentino Spettacoli";;;;;;;;"Segreteria e protocollo";;;;;;;;0
4e49ab5f2afe1ee649a3b27f5a9a2c93;2022-12-21T10:04:41+01:00;2022-12-21T10:05:03+01:00;"SÌ, CHEF - LA BRIGADE";;;"Proiezione cinematografica";"Istruzione, cultura e sport
Tempo libero";;2;"
Regia Louis-Julien Petit. Con Audrey Lamy,
François Cluzet, Fatou Kaba, Chantal Neuwirth.Francia, 2022 | Commedia | durata 97’";"INGRESSO:


INTERO 7,00€

RIDOTTO 5,00€ (over 65, minori 14 anni, studenti fino ai 25 anni)


APERTURA BIGLIETTERIA: 30 MINUTI PRIMA DELLA PROIEZIONE";;;Giovani,Famiglie;;Cinema;;;"Trentino Spettacoli";;;;;;;;"Segreteria e protocollo";;;;;;;;0
f60b14b997529aa2f7c1481f34b4f1e5;2022-12-21T10:03:26+01:00;2022-12-21T10:04:33+01:00;"SÌ, CHEF - LA BRIGADE";;;"Proiezione cinematografica";"Istruzione, cultura e sport
Tempo libero";;2;"
Regia Louis-Julien Petit. Con Audrey Lamy,
François Cluzet, Fatou Kaba, Chantal Neuwirth.Francia, 2022 | Commedia | durata 97’";"INGRESSO:


INTERO 7,00€

RIDOTTO 5,00€ (over 65, minori 14 anni, studenti fino ai 25 anni)


APERTURA BIGLIETTERIA: 30 MINUTI PRIMA DELLA PROIEZIONE";;;Giovani,Famiglie;;Cinema;;;"Trentino Spettacoli";;;;;;;;"Segreteria e protocollo";;;;;;;;0
2bb88e98a11ffd7b3df03ec55a4e74ce;2022-12-21T09:59:49+01:00;2022-12-21T10:00:54+01:00;"L’ULTIMA VETTA";;;"Proiezione cinematografica";"Istruzione, cultura e sport
Tempo libero";;2;"
Regia di Chris Terrill.
Con Kate Ballard, Tom Ballard, Karim Hayat.Regno Unito, 2022 | Drammatico | durata 100’";"INGRESSO:


INTERO 7,00€

RIDOTTO 5,00€ (over 65, minori 14 anni, studenti fino ai 25 anni)


APERTURA BIGLIETTERIA: 30 MINUTI PRIMA DELLA PROIEZIONE";;;Giovani,Famiglie;;Cinema;;;"Trentino Spettacoli";;;;;;;;"Segreteria e protocollo";;;;;;;;0
d075006d4d0e8617f50ea38bc97ff8b6;2022-12-21T10:18:11+01:00;2022-12-21T10:19:02+01:00;"ERNEST E CELESTINE";"L’AVVENTURA DELLE 7 NOTE";;"Proiezione cinematografica";"Istruzione, cultura e sport
Tempo libero";;2;"
Regia di Jean-Christophe Roger (II), Julien Chheng.
Francia, Lussemburgo, 2022 | Animazione, avventuradurata 80’";"INGRESSO:


INTERO 7,00€

RIDOTTO 5,00€ (over 65, minori 14 anni, studenti fino ai 25 anni)


APERTURA BIGLIETTERIA: 30 MINUTI PRIMA DELLA PROIEZIONE";;;Giovani,Famiglie;;Cinema;;;"Trentino Spettacoli";;;;;;;;"Segreteria e protocollo";;;;;;;;0
0a5bbdefb6bce62dd7f3c472823d9057;2022-12-21T10:08:14+01:00;2022-12-21T10:08:41+01:00;"IL GATTO CON GLI STIVALI";"L’ULTIMO DESIDERIO";;"Proiezione cinematografica";"Istruzione, cultura e sport
Tempo libero";;2;"
Regia di Joel Crawford, Januel Mercado.Usa, 2022 | Animazione, avventura | durata 100’";"INGRESSO:


INTERO 7,00€

RIDOTTO 5,00€ (over 65, minori 14 anni, studenti fino ai 25 anni)


APERTURA BIGLIETTERIA: 30 MINUTI PRIMA DELLA PROIEZIONE";;;Giovani,Famiglie;;Cinema;;;"Trentino Spettacoli";;;;;;;;"Segreteria e protocollo";;;;;;;;0
a92f7337695c128b2137adeb33bd0bac;2022-12-21T10:07:12+01:00;2022-12-21T10:08:06+01:00;"IL GATTO CON GLI STIVALI";"L’ULTIMO DESIDERIO";;"Proiezione cinematografica";"Istruzione, cultura e sport
Tempo libero";;2;"
Regia di Joel Crawford, Januel Mercado.Usa, 2022 | Animazione, avventura | durata 100’";"INGRESSO:


INTERO 7,00€

RIDOTTO 5,00€ (over 65, minori 14 anni, studenti fino ai 25 anni)


APERTURA BIGLIETTERIA: 30 MINUTI PRIMA DELLA PROIEZIONE";;;Giovani,Famiglie;;Cinema;;;"Trentino Spettacoli";;;;;;;;"Segreteria e protocollo";;;;;;;;0
15a209d65ba474ceb48b983464c85c32;2022-12-21T10:15:06+01:00;2022-12-21T10:15:35+01:00;AVATAR;"LA VIA DELL’ACQUA";;"Proiezione cinematografica";"Istruzione, cultura e sport
Tempo libero";;2;"
Regia di James Cameron.
Con Sam Worthington, Zoe Saldana, Kate Winslet.Usa, 2022 | Fantascienza, avventura | durata 190’";"INGRESSO:


INTERO 7,00€

RIDOTTO 5,00€ (over 65, minori 14 anni, studenti fino ai 25 anni)


APERTURA BIGLIETTERIA: 30 MINUTI PRIMA DELLA PROIEZIONE";;;Giovani,Famiglie;;Cinema;;;"Trentino Spettacoli";;;;;;;;"Segreteria e protocollo";;;;;;;;0
97db0d745ef5f891821baf8a6fc697d8;2022-12-21T10:14:13+01:00;2022-12-21T10:14:57+01:00;AVATAR;"LA VIA DELL’ACQUA";;"Proiezione cinematografica";"Istruzione, cultura e sport
Tempo libero";;2;"
Regia di James Cameron.
Con Sam Worthington, Zoe Saldana, Kate Winslet.Usa, 2022 | Fantascienza, avventura | durata 190’";"INGRESSO:


INTERO 7,00€

RIDOTTO 5,00€ (over 65, minori 14 anni, studenti fino ai 25 anni)


APERTURA BIGLIETTERIA: 30 MINUTI PRIMA DELLA PROIEZIONE";;;Giovani,Famiglie;;Cinema;;;"Trentino Spettacoli";;;;;;;;"Segreteria e protocollo";;;;;;;;0
15ff989094f2e42727531e0f1a76bf38;2022-12-21T10:06:30+01:00;2022-12-21T10:07:00+01:00;"IL GRANDE GIORNO";;;"Proiezione cinematografica";"Istruzione, cultura e sport
Tempo libero";;2;"
Regia di Massimo Venier.
Con Aldo, Giovanni, Giacomo, Antonella Attili.Italia, 2022 | Commedia | durata 92’";"INGRESSO:


INTERO 7,00€

RIDOTTO 5,00€ (over 65, minori 14 anni, studenti fino ai 25 anni)


APERTURA BIGLIETTERIA: 30 MINUTI PRIMA DELLA PROIEZIONE";;;Giovani,Famiglie;;Cinema;;;"Trentino Spettacoli";;;;;;;;"Segreteria e protocollo";;;;;;;;0
f24dc1fb43537b044419a64740eccb69;2022-12-21T10:05:26+01:00;2022-12-21T10:06:20+01:00;"IL GRANDE GIORNO";;;"Proiezione cinematografica";"Istruzione, cultura e sport
Tempo libero";;2;"
Regia di Massimo Venier.
Con Aldo, Giovanni, Giacomo, Antonella Attili.Italia, 2022 | Commedia | durata 92’";"INGRESSO:


INTERO 7,00€

RIDOTTO 5,00€ (over 65, minori 14 anni, studenti fino ai 25 anni)


APERTURA BIGLIETTERIA: 30 MINUTI PRIMA DELLA PROIEZIONE";;;Giovani,Famiglie;;Cinema;;;"Trentino Spettacoli";;;;;;;;"Segreteria e protocollo";;;;;;;;0
cc4f6cfa3b08fab80c538317535f7cd4;2022-12-21T10:15:42+01:00;2022-12-21T10:16:23+01:00;"THE FABELMANS";;;"Proiezione cinematografica";"Istruzione, cultura e sport
Tempo libero";;2;"
Regia di Steven Spielberg.
Con Gabriel LaBelle, Michelle Williams, Paul Dano.Usa, 2022 | Drammatico, biografico | durata 130’";"INGRESSO:


INTERO 7,00€

RIDOTTO 5,00€ (over 65, minori 14 anni, studenti fino ai 25 anni)


APERTURA BIGLIETTERIA: 30 MINUTI PRIMA DELLA PROIEZIONE";;;Giovani,Famiglie;;Cinema;;;"Trentino Spettacoli";;;;;;;;"Segreteria e protocollo";;;;;;;;0
d6316cc79d939fcb702cc969703b2286;2022-12-21T10:25:18+01:00;2022-12-21T10:25:45+01:00;"IL GATTO CON GLI STIVALI";"L’ULTIMO DESIDERIO";;"Proiezione cinematografica";"Istruzione, cultura e sport
Tempo libero";;2;"
Regia di Joel Crawford, Januel Mercado.Usa, 2022 | Animazione, avventura | durata 100’";"INGRESSO:


INTERO 7,00€

RIDOTTO 5,00€ (over 65, minori 14 anni, studenti fino ai 25 anni)


APERTURA BIGLIETTERIA: 30 MINUTI PRIMA DELLA PROIEZIONE";;;Giovani,Famiglie;;Cinema;;;"Trentino Spettacoli";;;;;;;;"Segreteria e protocollo";;;;;;;;0
8513aee8836219e3258976198a621d21;2022-12-21T10:25:56+01:00;2022-12-21T10:26:19+01:00;"IL GATTO CON GLI STIVALI";"L’ULTIMO DESIDERIO";;"Proiezione cinematografica";"Istruzione, cultura e sport
Tempo libero";;2;"
Regia di Joel Crawford, Januel Mercado.Usa, 2022 | Animazione, avventura | durata 100’";"INGRESSO:


INTERO 7,00€

RIDOTTO 5,00€ (over 65, minori 14 anni, studenti fino ai 25 anni)


APERTURA BIGLIETTERIA: 30 MINUTI PRIMA DELLA PROIEZIONE";;;Giovani,Famiglie;;Cinema;;;"Trentino Spettacoli";;;;;;;;"Segreteria e protocollo";;;;;;;;0
feee1351e7f0f21c83d10e1ca0ddb8b5;2022-12-21T10:21:02+01:00;2022-12-21T10:21:26+01:00;AVATAR;"LA VIA DELL’ACQUA";;"Proiezione cinematografica";"Istruzione, cultura e sport
Tempo libero";;2;"
Regia di James Cameron.
Con Sam Worthington, Zoe Saldana, Kate Winslet.Usa, 2022 | Fantascienza, avventura | durata 190’";"INGRESSO:


INTERO 7,00€

RIDOTTO 5,00€ (over 65, minori 14 anni, studenti fino ai 25 anni)


APERTURA BIGLIETTERIA: 30 MINUTI PRIMA DELLA PROIEZIONE";;;Giovani,Famiglie;;Cinema;;;"Trentino Spettacoli";;;;;;;;"Segreteria e protocollo";;;;;;;;0
2b06bcdb0140f381281fd5187680b7ff;2022-12-21T10:20:33+01:00;2022-12-21T10:20:56+01:00;AVATAR;"LA VIA DELL’ACQUA";;"Proiezione cinematografica";"Istruzione, cultura e sport
Tempo libero";;2;"
Regia di James Cameron.
Con Sam Worthington, Zoe Saldana, Kate Winslet.Usa, 2022 | Fantascienza, avventura | durata 190’";"INGRESSO:


INTERO 7,00€

RIDOTTO 5,00€ (over 65, minori 14 anni, studenti fino ai 25 anni)


APERTURA BIGLIETTERIA: 30 MINUTI PRIMA DELLA PROIEZIONE";;;Giovani,Famiglie;;Cinema;;;"Trentino Spettacoli";;;;;;;;"Segreteria e protocollo";;;;;;;;0
b1bb90a34750ea858c1e604b842bcd00;2022-12-21T10:26:35+01:00;2022-12-21T10:27:02+01:00;AVATAR;"LA VIA DELL’ACQUA";;"Proiezione cinematografica";"Istruzione, cultura e sport
Tempo libero";;2;"
Regia di James Cameron.
Con Sam Worthington, Zoe Saldana, Kate Winslet.Usa, 2022 | Fantascienza, avventura | durata 190’";"INGRESSO:


INTERO 7,00€

RIDOTTO 5,00€ (over 65, minori 14 anni, studenti fino ai 25 anni)


APERTURA BIGLIETTERIA: 30 MINUTI PRIMA DELLA PROIEZIONE";;;Giovani,Famiglie;;Cinema;;;"Trentino Spettacoli";;;;;;;;"Segreteria e protocollo";;;;;;;;0
df47c5cb5f057bc9f78bca3f9c4758c3;2022-12-21T10:28:37+01:00;2022-12-21T10:28:57+01:00;AVATAR;"LA VIA DELL’ACQUA";;"Proiezione cinematografica";"Istruzione, cultura e sport
Tempo libero";;2;"
Regia di James Cameron.
Con Sam Worthington, Zoe Saldana, Kate Winslet.Usa, 2022 | Fantascienza, avventura | durata 190’";"INGRESSO:


INTERO 7,00€

RIDOTTO 5,00€ (over 65, minori 14 anni, studenti fino ai 25 anni)


APERTURA BIGLIETTERIA: 30 MINUTI PRIMA DELLA PROIEZIONE";;;Giovani,Famiglie;;Cinema;;;"Trentino Spettacoli";;;;;;;;"Segreteria e protocollo";;;;;;;;0
567d4ccc499a998372fd2e16f25706b6;2022-12-21T10:24:39+01:00;2022-12-21T10:25:00+01:00;"THE FABELMANS";;;"Proiezione cinematografica";"Istruzione, cultura e sport
Tempo libero";;2;"
Regia di Steven Spielberg.
Con Gabriel LaBelle, Michelle Williams, Paul Dano.Usa, 2022 | Drammatico, biografico | durata 130’";"INGRESSO:


INTERO 7,00€

RIDOTTO 5,00€ (over 65, minori 14 anni, studenti fino ai 25 anni)


APERTURA BIGLIETTERIA: 30 MINUTI PRIMA DELLA PROIEZIONE";;;Giovani,Famiglie;;Cinema;;;"Trentino Spettacoli";;;;;;;;"Segreteria e protocollo";;;;;;;;0
474e486b38703beee342e723471b9c24;2022-12-21T10:23:54+01:00;2022-12-21T10:24:31+01:00;"THE FABELMANS";;;"Proiezione cinematografica";"Istruzione, cultura e sport
Tempo libero";;2;"
Regia di Steven Spielberg.
Con Gabriel LaBelle, Michelle Williams, Paul Dano.Usa, 2022 | Drammatico, biografico | durata 130’";"INGRESSO:


INTERO 7,00€

RIDOTTO 5,00€ (over 65, minori 14 anni, studenti fino ai 25 anni)


APERTURA BIGLIETTERIA: 30 MINUTI PRIMA DELLA PROIEZIONE";;;Giovani,Famiglie;;Cinema;;;"Trentino Spettacoli";;;;;;;;"Segreteria e protocollo";;;;;;;;0
808d00934bd9463d00f8f4590102156c;2022-12-21T10:19:36+01:00;2022-12-21T10:20:12+01:00;"IL GRANDE GIORNO";;;"Proiezione cinematografica";"Istruzione, cultura e sport
Tempo libero";;2;"
Regia di Massimo Venier.
Con Aldo, Giovanni, Giacomo, Antonella Attili.Italia, 2022 | Commedia | durata 92’";"INGRESSO:


INTERO 7,00€

RIDOTTO 5,00€ (over 65, minori 14 anni, studenti fino ai 25 anni)


APERTURA BIGLIETTERIA: 30 MINUTI PRIMA DELLA PROIEZIONE";;;Giovani,Famiglie;;Cinema;;;"Trentino Spettacoli";;;;;;;;"Segreteria e protocollo";;;;;;;;0
4892fc6ec3cefc2bfc17234b4c4f89b4;2022-12-21T10:16:35+01:00;2022-12-21T10:17:43+01:00;"TRE DI TROPPO";;;"Proiezione cinematografica";"Istruzione, cultura e sport
Tempo libero";;2;"
Regia di Fabio De Luigi.
Con Fabio De Luigi, Virginia Raffaele.Italia, 2022 | Commedia, family | durata 94’";"INGRESSO:


INTERO 7,00€

RIDOTTO 5,00€ (over 65, minori 14 anni, studenti fino ai 25 anni)


APERTURA BIGLIETTERIA: 30 MINUTI PRIMA DELLA PROIEZIONE";;;Giovani,Famiglie;;Cinema;;;"Trentino Spettacoli";;;;;;;;"Segreteria e protocollo";;;;;;;;0
52ed8c5f31b79be11e90496238d5e740;2022-12-21T10:30:13+01:00;2022-12-21T10:30:34+01:00;"ERNEST E CELESTINE";"L’AVVENTURA DELLE 7 NOTE";;"Proiezione cinematografica";"Istruzione, cultura e sport
Tempo libero";;2;"
Regia di Jean-Christophe Roger (II), Julien Chheng.
Francia, Lussemburgo, 2022 | Animazione, avventuradurata 80’";"INGRESSO:


INTERO 7,00€

RIDOTTO 5,00€ (over 65, minori 14 anni, studenti fino ai 25 anni)


APERTURA BIGLIETTERIA: 30 MINUTI PRIMA DELLA PROIEZIONE";;;Giovani,Famiglie;;Cinema;;;"Trentino Spettacoli";;;;;;;;"Segreteria e protocollo";;;;;;;;0
1884c671ac668adc1632672f5d121392;2022-12-21T10:31:35+01:00;2022-12-21T10:31:57+01:00;"LE OTTO MONTAGNE";;;"Proiezione cinematografica";"Istruzione, cultura e sport
Tempo libero";;2;"
Regia di Felix Van Groeningen, Charlotte Vandermeersch.
Con Luca Marinelli, Alessandro Borghi.Italia, Francia, Belgio, 2022 | Drammatico | durata 145’";"INGRESSO:


INTERO 7,00€

RIDOTTO 5,00€ (over 65, minori 14 anni, studenti fino ai 25 anni)


APERTURA BIGLIETTERIA: 30 MINUTI PRIMA DELLA PROIEZIONE";;;Giovani,Famiglie;;Cinema;;;"Trentino Spettacoli";;;;;;;;"Segreteria e protocollo";;;;;;;;0
9fb8b61a1137f2080304dbf9259e286b;2022-12-21T10:30:48+01:00;2022-12-21T10:31:27+01:00;"LE OTTO MONTAGNE";;;"Proiezione cinematografica";"Istruzione, cultura e sport
Tempo libero";;2;"
Regia di Felix Van Groeningen, Charlotte Vandermeersch.
Con Luca Marinelli, Alessandro Borghi.Italia, Francia, Belgio, 2022 | Drammatico | durata 145’";"INGRESSO:


INTERO 7,00€

RIDOTTO 5,00€ (over 65, minori 14 anni, studenti fino ai 25 anni)


APERTURA BIGLIETTERIA: 30 MINUTI PRIMA DELLA PROIEZIONE";;;Giovani,Famiglie;;Cinema;;;"Trentino Spettacoli";;;;;;;;"Segreteria e protocollo";;;;;;;;0
fdd2e136141165e1ccfa3538370c6920;2022-12-21T10:34:38+01:00;2022-12-21T10:34:59+01:00;"CHARLOTTE M.";"IL FILM. FLAMINGO PARTY";;"Proiezione cinematografica";"Istruzione, cultura e sport
Tempo libero";;2;"
Regia di Emanuele Pisano.Italia, 2023 | Commedia, musicale | durata 85’";"INGRESSO:


INTERO 7,00€

RIDOTTO 5,00€ (over 65, minori 14 anni, studenti fino ai 25 anni)


APERTURA BIGLIETTERIA: 30 MINUTI PRIMA DELLA PROIEZIONE";;;Giovani,Famiglie;;Cinema;;;"Trentino Spettacoli";;;;;;;;"Segreteria e protocollo";;;;;;;;0
249ac9e0fcda296bd8a609ecfb6bb6d0;2022-12-21T10:33:35+01:00;2022-12-21T10:34:30+01:00;"CHARLOTTE M.";"IL FILM. FLAMINGO PARTY";;"Proiezione cinematografica";"Istruzione, cultura e sport
Tempo libero";;2;"
Regia di Emanuele Pisano.Italia, 2023 | Commedia, musicale | durata 85’";"INGRESSO:


INTERO 7,00€

RIDOTTO 5,00€ (over 65, minori 14 anni, studenti fino ai 25 anni)


APERTURA BIGLIETTERIA: 30 MINUTI PRIMA DELLA PROIEZIONE";;;Giovani,Famiglie;;Cinema;;;"Trentino Spettacoli";;;;;;;;"Segreteria e protocollo";;;;;;;;0
ca13a29b22a5fcbfbd512422abe960d9;2022-12-21T10:33:00+01:00;2022-12-21T10:33:23+01:00;WHITNEY;"UNA VOCE LEGGENDA";;"Proiezione cinematografica";"Istruzione, cultura e sport
Tempo libero";;2;"
Regia di Kasi Lemmons.
Con Stanley Tucci, Tamara Tunie.Usa, 2022 | Bigrafico | durata 144’";"INGRESSO:


INTERO 7,00€

RIDOTTO 5,00€ (over 65, minori 14 anni, studenti fino ai 25 anni)


APERTURA BIGLIETTERIA: 30 MINUTI PRIMA DELLA PROIEZIONE";;;Giovani,Famiglie;;Cinema;;;"Trentino Spettacoli";;;;;;;;"Segreteria e protocollo";;;;;;;;0
d1109b8b99a7edcf1f1fdbc790bdb90a;2022-12-21T10:32:09+01:00;2022-12-21T10:32:51+01:00;WHITNEY;"UNA VOCE LEGGENDA";;"Proiezione cinematografica";"Istruzione, cultura e sport
Tempo libero";;2;"
Regia di Kasi Lemmons.
Con Stanley Tucci, Tamara Tunie.Usa, 2022 | Bigrafico | durata 144’";"INGRESSO:


INTERO 7,00€

RIDOTTO 5,00€ (over 65, minori 14 anni, studenti fino ai 25 anni)


APERTURA BIGLIETTERIA: 30 MINUTI PRIMA DELLA PROIEZIONE";;;Giovani,Famiglie;;Cinema;;;"Trentino Spettacoli";;;;;;;;"Segreteria e protocollo";;;;;;;;0
9581fe477b7b98b12cce018e62461623;2022-12-21T10:29:19+01:00;2022-12-21T10:29:41+01:00;"TRE DI TROPPO";;;"Proiezione cinematografica";"Istruzione, cultura e sport
Tempo libero";;2;"
Regia di Fabio De Luigi.
Con Fabio De Luigi, Virginia Raffaele.Italia, 2022 | Commedia, family | durata 94’";"INGRESSO:


INTERO 7,00€

RIDOTTO 5,00€ (over 65, minori 14 anni, studenti fino ai 25 anni)


APERTURA BIGLIETTERIA: 30 MINUTI PRIMA DELLA PROIEZIONE";;;Giovani,Famiglie;;Cinema;;;"Trentino Spettacoli";;;;;;;;"Segreteria e protocollo";;;;;;;;0
281f11e1850d2333251c8b93726a8766;2022-12-29T08:53:21+01:00;2022-12-29T08:53:41+01:00;"Kit raccolta rifiuti";"Arco: nuove date consegna kit";;"Giornata aperta";"Ambiente
Gestione dei rifiuti";;2;"Per chi non avesse ancora potuto provvedere al ritiro del kit per la raccolta rifiuti per il nuovo servizio porta a porta nel comune di Arco sono stati previsti altri giorni nei quali verrà effettuata una distribuzione straordinaria.";"Le date di distribuzione kit:


mercoledì 4 gennaio

lunedì 9 gennaio

sabato 14 gennaio

lunedì 16 gennaio

sabato 21 gennaio


la distribuzione avverrà presso i locali dell'oratorio di Via Pomerio ad Arco dalle ore 9,00 alle ore 13,00.";"RSU-Avvio xComune Arco";;"Età utenti";;;;;"Idealservice soc. coop.";;;;;;;;RSU;;;;;;;;0
fd1e5a374e42b2d09cdf44eb944777f1;2022-12-29T08:52:53+01:00;2022-12-29T08:53:14+01:00;"Kit raccolta rifiuti";"Arco: nuove date consegna kit";;"Giornata aperta";"Ambiente
Gestione dei rifiuti";;2;"Per chi non avesse ancora potuto provvedere al ritiro del kit per la raccolta rifiuti per il nuovo servizio porta a porta nel comune di Arco sono stati previsti altri giorni nei quali verrà effettuata una distribuzione straordinaria.";"Le date di distribuzione kit:


mercoledì 4 gennaio

lunedì 9 gennaio

sabato 14 gennaio

lunedì 16 gennaio

sabato 21 gennaio


la distribuzione avverrà presso i locali dell'oratorio di Via Pomerio ad Arco dalle ore 9,00 alle ore 13,00.";"RSU-Avvio xComune Arco";;"Età utenti";;;;;"Idealservice soc. coop.";;;;;;;;RSU;;;;;;;;0
fc21ea14c0045cc788b3d966bc2c6dcd;2022-12-29T08:49:02+01:00;2022-12-29T08:49:26+01:00;"Kit raccolta rifiuti";"Arco: nuove date consegna kit";;"Giornata aperta";"Ambiente
Gestione dei rifiuti";;2;"Per chi non avesse ancora potuto provvedere al ritiro del kit per la raccolta rifiuti per il nuovo servizio porta a porta nel comune di Arco sono stati previsti altri giorni nei quali verrà effettuata una distribuzione straordinaria.";"Le date di distribuzione kit:


mercoledì 4 gennaio

lunedì 9 gennaio

sabato 14 gennaio

lunedì 16 gennaio

sabato 21 gennaio


la distribuzione avverrà presso i locali dell'oratorio di Via Pomerio ad Arco dalle ore 9,00 alle ore 13,00.";"RSU-Avvio xComune Arco";;"Età utenti";;;;;"Idealservice soc. coop.";;;;;;;;RSU;;;;;;;;0
4c11cda7acb3fc666a8955c5ca5562e6;2022-12-29T08:48:36+01:00;2022-12-29T08:48:36+01:00;"Kit raccolta rifiuti";"Arco: nuove date consegna kit";;"Giornata aperta";"Ambiente
Gestione dei rifiuti";;2;"Per chi non avesse ancora potuto provvedere al ritiro del kit per la raccolta rifiuti per il nuovo servizio porta a porta nel comune di Arco sono stati previsti altri giorni nei quali verrà effettuata una distribuzione straordinaria.";"Le date di distribuzione kit:


mercoledì 4 gennaio

lunedì 9 gennaio

sabato 14 gennaio

lunedì 16 gennaio

sabato 21 gennaio


la distribuzione avverrà presso i locali dell'oratorio di Via Pomerio ad Arco dalle ore 9,00 alle ore 13,00.";"RSU-Avvio xComune Arco";;"Età utenti";;;;;"Idealservice soc. coop.";;;;;;;;RSU;;;;;;;;0
26f3c20c6394549dfa858d4e37da7ba9;2022-12-29T08:49:34+01:00;2022-12-29T08:52:45+01:00;"Kit raccolta rifiuti";"Arco: nuove date consegna kit";;"Giornata aperta";"Ambiente
Gestione dei rifiuti";;2;"Per chi non avesse ancora potuto provvedere al ritiro del kit per la raccolta rifiuti per il nuovo servizio porta a porta nel comune di Arco sono stati previsti altri giorni nei quali verrà effettuata una distribuzione straordinaria.";"Le date di distribuzione kit:


mercoledì 4 gennaio

lunedì 9 gennaio

sabato 14 gennaio

lunedì 16 gennaio

sabato 21 gennaio


la distribuzione avverrà presso i locali dell'oratorio di Via Pomerio ad Arco dalle ore 9,00 alle ore 13,00.";"RSU-Avvio xComune Arco";;"Età utenti";;;;;"Idealservice soc. coop.";;;;;;;;RSU;;;;;;;;0
cd37f0b0261f5e14b6712d31be5fa3a5;2022-12-21T08:31:55+01:00;2022-12-29T09:48:40+01:00;"Consiglio dei Sindaci";"Convocazione Consiglio dei Sindaci della Comunità Alto Garda e Ledro";;"Evento politico";"Governo e settore pubblico
Politica
Vita istituzionale";;2;"
Si rende noto che il giorno martedì 29 dicembre 2022 ad ore 11.00 si terrà, invideoconferenza, la seduta del Consiglio dei Sindaci della Comunità Alto Garda e Ledro.";"Si rende noto che il giorno martedì 29 dicembre 2022 ad ore 11.00 si terrà, in videoconferenza, la seduta del Consiglio dei Sindaci della Comunità Alto Garda e Ledro.
Si comunica alla cittadinanza che volesse seguire la videoconferenza che potrà collegarsi
tramite il seguente collegamento:https://stream.lifesizecloud.com/extension/6503797/ae4a7e06-7eb9-4eef-a8c9-b22264656a42  ";;;"Fasce generali di popolazione";;;;;"Segreteria generale, Personale ed Organizzazione";;;;;;;;"Segreteria e protocollo";;;;;;;;0
