remoteId;published;modified;Titolo;"Titolo breve";Immagine;Descrizione;"Locandina dell'evento";Inizio;Termine;Durata;Quando;Dove;Informazioni;Destinatari;Costi;Stato;Materia;Circoscrizione;Argomento;"Tipologia evento";"Manifestazione cui fa parte";Associazione;Progressivo;Sottotitolo;Orario;lat;lon;address;Fonte
a3efd7c4ed780f550553c799e1489cad;2018-02-23T11:02:16+01:00;2018-02-23T11:02:16+01:00;"Cena per donne";;/var/nave/storage/images/il-territorio/eventi-dal-territorio/cena-per-donne/131318-1-ita-IT/Cena-per-donne.jpg;"Una cena per sole donne per festeggiare la festa della donna! A partire dalle 19.30 vi aspettiamo all'Oratorio di Nave San Rocco per una serata in allegria! Possono partecipare anche le bambine ma è necessario che siano accompagnate da un'adulta. Ricordiamo che è necessario essere tesserati! Per maggiori info visitare la pagina Facebook dell'Oratorio di Nave San Rocco.";;2018-03-08T19:30:00+01:00;2018-03-08T23:00:00+01:00;;"Giovedì 08 marzo 2018";"Presso l'Oratorio di Nave San Rocco";;;;;;;;"Evento singolo";;;;;"Dalle ore 19.30";0;0;;
d67f7c8d28c0581a2ca36340c3891470;2018-02-05T13:09:19+01:00;2018-02-05T13:09:46+01:00;"Carnevale a Nave San Rocco";;/var/nave/storage/images/il-territorio/eventi-dal-territorio/carnevale-a-nave-san-rocco/129963-2-ita-IT/Carnevale-a-Nave-San-Rocco.jpg;"Vi aspettiamo a Nave San Rocco per una gustosa pasta al ragù, accompagnata da grostoli caserecci! Il tutto sarà perfezionato dall'armonia della musica della Banda e da tanta animazione con musica per bambini e adulti! La sfilata del carro, i coriandoli, insomma tantissimi motivi per passare al carnevale!";;2018-02-10T14:00:00+01:00;2018-02-10T18:00:00+01:00;;"Sabato 10 febbraio 2018";"Piazza San Rocco";;;;;;;;"Evento singolo";;;;;"Dalle ore 14";0;0;;
e3ee5154b06880b11c2c10aa3b3c10fe;2017-06-20T13:53:07+02:00;2017-06-20T13:53:07+02:00;"Uscita Rafting a Vicenza";;/var/nave/storage/images/il-territorio/eventi-dal-territorio/uscita-rafting-a-vicenza/113593-1-ita-IT/Uscita-Rafting-a-Vicenza.jpg;"L'Oratorio di Nave San Rocco organizza un'uscita rafting per i ragazzi delle medie e superiori!";"http://www.comune.navesanrocco.tn.it/content/download/8592/113595/1/RAFTING 26 GIUGNO ORATORIO.pdf";2017-06-26T07:15:00+02:00;2017-06-26T20:00:00+02:00;;"Lunedì 26 giugno 2017";"Solagna di Vicenza";"Maggiori informazioni possono essere richieste a Davide Pederzolli al numero 3401297207 dopo le 19.00Obbligo Tessera NOI";;"37 € a ragazzo";;;;;"Evento singolo";;;;;;0;0;;
f9112665bbf0f1591b064bcf41a52cf1;2017-06-14T10:53:29+02:00;2017-06-14T10:56:16+02:00;"La Domenica alla Naf'n Festa";;/var/nave/storage/images/il-territorio/eventi-dal-territorio/la-domenica-alla-naf-n-festa/113248-1-ita-IT/La-Domenica-alla-Naf-n-Festa.jpg;"Pomeriggio dedicato ai più piccoli con la Cooperativa AM.IC.A: truccabimbi, animazione per passare uno stupendo pomeriggio in compagnia a partire dalle ore 15.00!Poi tutti i bimbi in pista con la Baby Dance a cura dell'Oratorio dalle 17 alle 18!Dalle 20 alle 21.30 pista in mano agli amanti del Ballo liscio!A seguire: Curly Frog and the Blues Bringers, un sound blues per salutare l'estate e concludere la Naf'n Festa!";;2017-06-18T15:00:00+02:00;2017-06-18T17:00:00+02:00;;"Domenica 18 giugno 2017";;;;;;;;;"Evento singolo";;;;;"Dalle ore 15.00";0;0;;
59eae8a6844c8b0b1de6c37370386af6;2017-06-14T10:49:39+02:00;2017-06-14T10:49:39+02:00;"Torneo Calcio A3";;/var/nave/storage/images/il-territorio/eventi-dal-territorio/saturday-dance-night/torneo-calcio-a3/113223-1-ita-IT/Torneo-Calcio-A3.jpg;"Il primo torneo A3 presso il parco urbano di Nave San Rocco riaperto recentemente!Iscriviti con i tuoi amici per una giornata all'insegna dllo sport e del divertimento!";;2017-06-18T10:00:00+02:00;2017-06-18T19:00:00+02:00;;"Domenica 18 giugno 2017";"Parco Urbano di Nave San Rocco";"Per iscriverti contatta Gerry al 347-4436315";;"Squadra minimo 3 componenti massimo 5 --> 20€";;;;;"Evento singolo";;;;;"Dalle ore 10";46.167531;11.1106;"maccani, Nave San Rocco, Trentino-Alto Adige, 38010, Italia";
101a2f6c18f7362c8902af3f7f6f90f4;2017-06-14T10:34:14+02:00;2017-06-14T10:34:14+02:00;"Saturday Dance Night ";;/var/nave/storage/images/il-territorio/eventi-dal-territorio/saturday-dance-night/113188-1-ita-IT/Saturday-Dance-Night.jpg;"La saturday Dance night vede protagonisti Roby and Dimi, che ci faranno ballare tutti i più grandi successi, e a seguire tutti in pista con Dj Set by Ale Cocca!";;2017-06-17T22:00:00+02:00;2017-06-18T02:00:00+02:00;;"Sabato 17 giugno 2017";;;;;;;;;"Evento singolo";;;;;"Dalle ore 22.00";0;0;;
a27065b79b4f68188e8d8c22fce55204;2017-06-14T10:27:30+02:00;2017-06-14T10:28:04+02:00;"Rock'n Metal Night";;/var/nave/storage/images/il-territorio/eventi-dal-territorio/rock-n-metal-night/113163-2-ita-IT/Rock-n-Metal-Night.jpg;"Musica live con Friends of Misery, Metallica Tribute BandA seguire: Creedence Clearwater Remakee poi si chiude con Servan!";;2017-06-16T22:00:00+02:00;2017-06-17T01:00:00+02:00;;"Venerdì 16 giugno";"Palco presso Piazza del Municipio";"Porta con te la tua voglia di scatenarti!";;;;;;;"Evento singolo";;;;;"Dalle ore 22.00";0;0;;
8068e2e15a49c99e3fa5558e75d0c2a5;2017-06-14T10:17:56+02:00;2017-06-14T10:17:56+02:00;"INAUGURAZIONE Naf'n Festa";;/var/nave/storage/images/il-territorio/eventi-dal-territorio/inaugurazione-naf-n-festa/113138-1-ita-IT/INAUGURAZIONE-Naf-n-Festa.jpg;"La The Nautilus Band allieterà l'inaugurazione della Naf'n Festa!NON MANCARE!!";;2017-06-16T18:45:00+02:00;2017-06-16T19:00:00+02:00;;"Venerdì 16 giugno";;;;"Entrata gratuita";;;;;"Evento singolo";;;;;;0;0;;
fe7d841535e5716ce9b08147393f265d;2017-06-14T10:10:31+02:00;2017-06-14T10:10:31+02:00;"Nave Corsa...ra";;/var/nave/storage/images/il-territorio/eventi-dal-territorio/nave-corsa-ra/113088-1-ita-IT/Nave-Corsa-ra.jpg;"Una corsa per tutta la famiglia! ";;2017-06-18T09:30:00+02:00;2017-06-18T17:00:00+02:00;;"Domenica 18 giugno";"Partenza da Piazza del Municipio ";"Bambini sotto i 3 anni --&gt; gratuiti8,00 € tutte le altre età";;;;;;;"Evento singolo";;;;;"Dalle ore 09.30";0;0;;
2b26443d132a3511bdd527edb1d89de8;2017-06-14T09:53:45+02:00;2017-06-14T09:53:45+02:00;"Spettacolo della Filodrammatica San Rocco";;/var/nave/storage/images/il-territorio/eventi-dal-territorio/spettacolo-della-filodrammatica-san-rocco/113013-1-ita-IT/Spettacolo-della-Filodrammatica-San-Rocco.jpg;"Uno spettacolo inedito tutto per voi! Sabato 17 giugno alle ore 20.45, ti aspettiamo!";;2017-06-17T20:45:00+02:00;2017-06-17T22:00:00+02:00;;"Sabato 17 giugno 2017";"Palco presso la Naf'n Festa";;;"Entrata gratuita";;;;;"Evento singolo";;;;;"Alle 20.45";0;0;;
0faf5d31b1a83ff52b2cadd79633eb91;2017-06-14T09:47:33+02:00;2017-06-14T09:47:33+02:00;"La Naf'n Festa";;/var/nave/storage/images/il-territorio/eventi-dal-territorio/la-naf-n-festa/112943-1-ita-IT/La-Naf-n-Festa.png;"
La Pro Loco Nave San Rocco, in collaborazione con le associazioni del paese, con il patrocinio del Comune di Nave San Rocco e il contributo del Consorzio Turistico Piana Rotaliana Koenisberg organizza l'edizione 2017 della Naf 'n Festa che quest'anno giunge alla V Edizione.Vi aspettiamo per un intero weekend all'insegna del divertimento con tanta musica e proposte gastronomiche molto allettanti!";"http://www.comune.navesanrocco.tn.it/content/download/8531/112945/1/Locandina Venerdì_2017_pdf.pdf";2017-06-16T18:45:00+02:00;2017-06-17T01:00:00+02:00;"Tre giorni";"Venerdì 16 giugno, Sabato 17 giugno, Domenica 18 giugno 2017";"Piazza del Municipio, Nave San Rocco";;"Tutti invitati!";"Entrata gratuita";;;;;"Evento singolo";;;;;"Dalle ore 18.45 alle ore 01.00";46.166892;11.107323;"maccani, Nave San Rocco, Trentino-Alto Adige, 38010, Italia";
8f08e8000433d5d5ee1dd8575b7d32b5;2017-05-15T09:03:06+02:00;2017-05-15T09:03:06+02:00;"NOTE DI MAGGIO";;/var/nave/storage/images/il-territorio/eventi-dal-territorio/note-di-maggio2/110775-1-ita-IT/NOTE-DI-MAGGIO.jpg;"La banda musicale di Faedo e la &quot;The Nautilus Band&quot; vi aspettano presso il Maso del Gusto sabato 27 maggio per una serata di musica e tanto divertimento!";"http://www.comune.navesanrocco.tn.it/content/download/8218/110777/1/Note di Maggio.pdf";2017-05-27T20:30:00+02:00;2017-05-27T00:00:00+02:00;;"Sabato 27 maggio";"Presso Maso del Gusto";;;"Entrata gratuita";;;;;"Evento singolo";;;;;"Dalle 20.30";0;0;;
85b7316a74fec69228581f802f64b529;2017-05-15T08:58:31+02:00;2017-05-15T08:58:31+02:00;"NOTE DI MAGGIO";;/var/nave/storage/images/il-territorio/eventi-dal-territorio/note-di-maggio/110750-1-ita-IT/NOTE-DI-MAGGIO.jpg;"La banda musicale di Faedo diretta dal maestro Martino Nicolodi, e la &quot;The Nautilus Band&quot; diretta dal maestro Adriano Magagna vi aspettano al Maso del Gusto sabato 27 maggio dalle 20.30 per una serata di musica. Sarà inoltre possibile degustare prodotti del Maso del Gusto e vini locali. ";"http://www.comune.navesanrocco.tn.it/content/download/8217/110752/1/Note di Maggio.pdf";2017-05-27T20:30:00+02:00;2017-05-27T00:00:00+02:00;;;"Sabato 27 maggio 2017";;;"Entrata gratuita";;;;;"Evento singolo";;;;;"Dalle 20.30";0;0;;
1907710acfe617bca23fbe742129a637;2017-04-06T09:48:10+02:00;2017-04-06T09:48:10+02:00;"Concerto di Pasqua de ""The Nautilus Band""";;/var/nave/storage/images/il-territorio/eventi-dal-territorio/mercatino-di-solidarieta3/concerto-di-pasqua-de-the-nautilus-band/109681-1-ita-IT/Concerto-di-Pasqua-de-The-Nautilus-Band.jpg;"Il concerto di Pasqua di The Nautilus Band arriva alla sua VII edizione. Come da tradizione vi aspettiamo per scambiarci gli auguri pasquali all'insegna della musica e del divertimento. The nautilus Band suona guidata dall'immancabile Maestro Magagna.  Durante la serata suoneranno per la prima volta gli allievi della classe di Saxofono. ";"http://www.comune.navesanrocco.tn.it/content/download/8087/109683/1/Concerto Pasqua 2017.pdf";2017-04-15T21:15:00+02:00;2017-04-15T23:00:00+02:00;;"Sabato 15 aprile 2017";"Presso la Palestra Comunale di Nave San Rocco";"Tentate la fortuna: in palio un uovo di cioccolato da 5kg!Biglietti acquistabili ad inizio serata. L'estrazione avverrà a fine concerto. Con il patrocinio del Comune di Nave San Rocco.";;"Entrata libera";;;;;"Evento singolo";;;;;"Alle ore 21.15, dopo la Santa Messa di Pasqua";46.16648;11.109667;"via Ezio Maccani, Nave San Rocco, Trentino-Alto Adige, 38010, Italia";
ba49f254ca3f53c83b697b2769652cfe;2017-04-06T09:42:07+02:00;2017-04-06T09:42:07+02:00;"Mercatino di Solidarietà";;/var/nave/storage/images/il-territorio/eventi-dal-territorio/mercatino-di-solidarieta3/mercatino-di-solidarieta/109656-1-ita-IT/Mercatino-di-Solidarieta.jpg;"Il Gruppo Missionario organizza il mercatino della solidarietà, tanti prodotti ideati e confezionati a mano da parte di volontari. Nei giorni di sabato 02 e domenica 03 dicembre sarà possibile acquistare ad offerta questi prodotti per sostenere il Gruppo Missionario e suoi progetti in Africa.";;2017-12-03T09:00:00+01:00;2017-12-03T12:00:00+01:00;;"Domenica 03 dicembre 2017";"Presso le Sale dell'Oratorio";;;"Entrata libera";;;;;"Evento singolo";;;;;"Dalle ore 09.00";0;0;;
7b5d5d4f3295ec05d441af430301e889;2017-04-06T09:40:04+02:00;2017-04-06T09:40:04+02:00;"Mercatino di Solidarietà";;/var/nave/storage/images/il-territorio/eventi-dal-territorio/mercatino-di-solidarieta3/109631-1-ita-IT/Mercatino-di-Solidarieta.jpg;"Il Gruppo Missionario organizza il mercatino della solidarietà, tanti prodotti ideati e confezionati a mano da parte di volontari. Nei giorni di sabato 02 e domenica 03 dicembre sarà possibile acquistare ad offerta questi prodotti per sostenere il Gruppo Missionario e suoi progetti in Africa.";;2017-12-02T18:30:00+01:00;2017-12-02T21:00:00+01:00;;"Sabato 02 dicembre 2017";"Presso le Sale dell'Oratorio";;;"Entrata libera";;;;;"Evento singolo";;;;;"Dalle ore 18.30";0;0;;
4fcf1c07a892d6925d228175beba8cd7;2017-04-06T09:29:27+02:00;2017-09-23T11:37:48+02:00;"14° Edizione della Cena dell'Amicizia";;/var/nave/storage/images/il-territorio/eventi-dal-territorio/14-edizione-della-cena-dell-amicizia/109606-1-ita-IT/14-Edizione-della-Cena-dell-Amicizia.jpg;"Il Gruppo Missionario organizza la 14° edizione della &quot;Cena dell'Amicizia&quot; dopo la Santa Messa delle ore 18 presso le sale dell'Oratorio.";;2017-11-04T18:30:00+01:00;2017-11-04T23:00:00+01:00;;"Sabato 04 novembre 2017";"Presso le Sale dell'Oratorio";;;;;;;;"Evento singolo";;;;;"Dopo la Santa Messa delle 18";46.166758;11.108787;"via Ezio Maccani, Nave San Rocco, Trentino-Alto Adige, 38010, Italia";
eb49ba158fc57dc44a1649527bb9d595;2017-04-06T09:23:19+02:00;2017-04-06T09:23:19+02:00;"Mercatino delle torte di Pasqua";;/var/nave/storage/images/il-territorio/eventi-dal-territorio/mercatino-delle-torte-di-pasqua/109581-1-ita-IT/Mercatino-delle-torte-di-Pasqua.jpg;"Il Gruppo Missionario organizza il consueto Mercatino delle torte di Pasqua, domenica dopo la Santa Messa.";;2017-04-16T09:00:00+02:00;2017-04-16T12:00:00+02:00;;"Domenica 16 aprile 2017";;"Per chi volesse, sabato 15 aprile ci sarà la raccolta dei dolci che verranno confezionati dal Gruppo Missionario. ";;;;;;;"Evento singolo";;;;;"Dalle ore 09";0;0;;
1cfde69e2319a57a17310508e966b1a0;2017-04-03T14:22:07+02:00;2017-04-03T14:22:07+02:00;"Saletta Autogestita";;/var/nave/storage/images/il-territorio/eventi-dal-territorio/saletta-autogestita/109535-1-ita-IT/Saletta-Autogestita.jpg;"Un luogo dove incontrarsi, parlare, studiare.. una saletta autogestita da giovani per i giovani!";"http://www.comune.navesanrocco.tn.it/content/download/8081/109537/1/sala autogestita.jpg";2017-04-13T20:00:00+02:00;2017-04-13T23:00:00+02:00;;"Tutti i Giovedì";"Saletta sopra la palestra";;"Giovani dai 16 anni";"Entrata libera";;;;;"Evento singolo";;;;;"Dalle 20 alle 23";0;0;;
d30b652fe72737bee811a687caad5d62;2017-04-03T14:20:01+02:00;2017-04-03T14:20:01+02:00;"Sala Autogestita";;/var/nave/storage/images/il-territorio/eventi-dal-territorio/sala-autogestita2/109510-1-ita-IT/Sala-Autogestita.jpg;"Un luogo per incontrarsi, studiare, parlare interamente gestito da voi giovani! ";"http://www.comune.navesanrocco.tn.it/content/download/8080/109512/1/sala autogestita.jpg";2017-04-10T16:00:00+02:00;2017-04-10T18:00:00+02:00;;"Tutti i lunedì";"Saletta sopra la palestra";;"Giovani dai 16 anni ";"Entrata libera";;;;;"Evento singolo";;;;;"Dalle 16 alle 18";0;0;;
43ead777ea65f518dc3d9fd0b868551c;2017-04-03T14:16:00+02:00;2017-04-03T14:16:00+02:00;"Sala Autogestita";;/var/nave/storage/images/il-territorio/eventi-dal-territorio/sala-autogestita/sala-autogestita/109485-1-ita-IT/Sala-Autogestita.jpg;"Un luogo dove inventare, creare, parlare o studiare interamente autogestito! Sei un giovane? Sei interessato ad incontrare altri giovani come te? Che aspetti? ";"http://www.comune.navesanrocco.tn.it/content/download/8079/109487/1/sala autogestita.jpg";2017-04-06T20:00:00+02:00;2017-04-06T23:00:00+02:00;;"Tutti i giovedì";"Saletta sopra la palestra";;;"Entrata libera";;;;;"Evento singolo";;;;;"Dalle 20 alle 23 ";0;0;;
dd29fafb6245fe4996a147374db4e6bf;2017-04-03T14:12:42+02:00;2017-04-03T14:12:42+02:00;"Sala Autogestita";;/var/nave/storage/images/il-territorio/eventi-dal-territorio/sala-autogestita/109460-1-ita-IT/Sala-Autogestita.jpg;"Per giovani cittadini dai 16 anni in su c'è la possibilità di incontrarsi tutti i lunedì e i giovedì nella saletta sopra la palestra.";"http://www.comune.navesanrocco.tn.it/content/download/8078/109462/1/sala autogestita.jpg";2017-04-03T16:00:00+02:00;2017-04-03T18:00:00+02:00;;"Tutti i lunedì ";"Saletta sopra la palestra";;"Giovani cittadini dai 16 anni in su";"Entrata libera";;;;;"Evento singolo";;;;;"Dalle 16 alle 18";0;0;;
44c1595c40cb2c9fe5fcccea40bad7c6;2017-03-03T10:44:08+01:00;2017-03-03T10:47:53+01:00;"""La Nef del Zio Anselmo""";;/var/nave/storage/images/il-territorio/eventi-dal-territorio/ora-cineforum/la-nef-del-zio-anselmo/106714-2-ita-IT/La-Nef-del-Zio-Anselmo.jpg;"LA NEF DEL ZIO ANSELMO di Valerio Di Piramo con la Filo &quot;S. Rocco&quot; di Nave S. Rocco torna in scena a Mezzocorona!";;2017-03-04T20:45:00+01:00;2017-03-04T23:30:00+01:00;;"Sabato 04 marzo 2017";"Teatro dell'Oratorio di Mezzocorona";;;;;;;;"Evento singolo";;;;;"Alle ore 20.45";0;0;;
c93a1bd445e6d157d5398f8a557ab7ce;2017-03-03T10:38:26+01:00;2017-03-03T10:40:48+01:00;"ORA CINEFORUM";;/var/nave/storage/images/il-territorio/eventi-dal-territorio/ora-cineforum/106689-1-ita-IT/ORA-CINEFORUM.jpg;"ORA CINEFORUM in COMUNITA' va in scena al teatro parrocchiale di Nave San Rocco! Proiezione del film &quot;La musica nel cuore&quot;.";"http://www.comune.navesanrocco.tn.it/content/download/7935/106691/3/LOCANDINA ora cineforum.pdf";2017-03-05T20:30:00+01:00;2017-03-05T23:30:00+01:00;;"Domenica 05 marzo 2017";"Teatro Parrocchiale di Nave San Rocco";;;"Entrata 3,00 € per i tesserati NOI   4,00 € per i non tesserati";;;;;"Evento singolo";;;;;"Alle ore 20.30";0;0;;
3f1d3e9622b9ff5fb3948b1ffdb7c386;2017-02-22T15:11:46+01:00;2017-02-22T15:11:46+01:00;"Carnevale di Nave San Rocco";;/var/nave/storage/images/il-territorio/eventi-dal-territorio/carnevale-di-nave-san-rocco2/106324-1-ita-IT/Carnevale-di-Nave-San-Rocco.jpg;"Un pomeriggio ricco di intrattenimento per grandi e piccini in occasione della festa di carnevale di Nave San Rocco! Venite a divertirvi con musica, balli, e altro ancora!!";"http://www.comune.navesanrocco.tn.it/content/download/7917/106326/1/carnevale 2017.pdf";2017-02-25T14:00:00+01:00;2017-02-25T18:00:00+01:00;;"Sabato 25 febbraio 2017";"Piazza San Rocco";;;;;;;;"Evento singolo";;;;;"Dalle ore 14.00";46.166365;11.110289;"piazza san rocco, Nave San Rocco, Trentino-Alto Adige, 38010, Italia";
ee982d83a8dbb675207de80fde7efffb;2017-02-22T15:05:55+01:00;2017-02-22T15:05:55+01:00;"Carnevale di Nave San Rocco";;/var/nave/storage/images/il-territorio/eventi-dal-territorio/carnevale-di-nave-san-rocco/106299-1-ita-IT/Carnevale-di-Nave-San-Rocco.jpg;"Musica, giochi, e tanto altro per un carnevale pazzesco insieme! ";"http://www.comune.navesanrocco.tn.it/content/download/7916/106301/1/carnevale 2017.pdf";2017-02-25T14:00:00+01:00;2017-02-05T18:00:00+01:00;;"Sabato 25 febbraio 2017";"Piazza San Rocco";"SABATO 25 FEBBRAIO a partire dalle ORE 14 in piazza: sfilata del carro a cura del Fil de Fer, esibizione della nostra The Nautilus Band, musica, giochi a cura dell' Oratorio Nave San Rocco, per un intero pomeriggio all'insegna del divertimento! ";;;;;;;"Evento singolo";;;;;"A partire dalle ore 14.00";46.166365;11.110289;"piazza san rocco, Nave San Rocco, Trentino-Alto Adige, 38010, Italia";
2c65c01c74bdc5611efb4b02b0d53aa5;2017-02-01T09:11:44+01:00;2017-02-01T09:11:44+01:00;"Incontro di presentazione del PAES (Piano d'Azione per l'Energia Sostenibile)";;/var/nave/storage/images/il-territorio/eventi-dal-territorio/commedia-bastava-na-bota/serata-informativa-sul-risparmio-energetico/incontro-di-presentazione-del-paes-piano-d-azione-per-l-energia-sostenibile/105480-1-ita-IT/Incontro-di-presentazione-del-PAES-Piano-d-Azione-per-l-Energia-Sostenibile.jpg;"La prima di due serate aperte alla cittadinanza in cui si presenterà il PAES (Piano d'Azione per l'Energia Sostenibile).";"http://www.comune.navesanrocco.tn.it/content/download/7780/105482/1/Locandina serata di presentazione PAES.pdf";2017-02-02T20:15:00+01:00;2017-02-02T23:15:00+01:00;;"Giovedì 02 febbraio 2017";"Sala Consiliare del Municipio di Nave San Rocco";;;"Entrata gratuita";;;;;"Evento singolo";;;;;"Alle ore 20.15";46.167048;11.107489;"via ezio maccani, Nave San Rocco, Trentino-Alto Adige, 38010, Italia";
128af1339f4fc8df4bb21f71908cfc32;2017-02-01T08:56:14+01:00;2017-02-01T09:03:30+01:00;"Serata informativa sul risparmio energetico";;/var/nave/storage/images/il-territorio/eventi-dal-territorio/commedia-bastava-na-bota/serata-informativa-sul-risparmio-energetico/105455-1-ita-IT/Serata-informativa-sul-risparmio-energetico.jpg;"L'Amministrazione Comunale assieme a SinPro Ambiente organizza una seconda serata aperta a tutta la cittadinanza per un incontro di presentazione sulle opportunità di incentivi. ";"http://www.comune.navesanrocco.tn.it/content/download/7779/105457/3/Serata Risparmio Energetico.pdf";2017-02-16T20:15:00+01:00;2017-02-16T23:15:00+01:00;;"Giovedì 16 febbraio 2017";"Teatro Parrocchiale di Nave San Rocco";;;"Entrata gratuita";;;;;"Evento singolo";;;;;"Alle ore 20.15";46.166714;11.109152;"via Ezio Maccani, Nave San Rocco, Trentino-Alto Adige, 38010, Italia";
6fc81528da6d15726ec79607939bfc3a;2017-01-27T17:39:31+01:00;2017-01-27T17:39:31+01:00;"Consiglio Comunale";;/var/nave/storage/images/il-territorio/eventi-dal-territorio/consiglio-comunale2/105334-1-ita-IT/Consiglio-Comunale.jpg;"Martedì 31 gennaio 2017 si riunirà il Consiglio Comunale alle ore 20.30 al quale tutta la popolazione è caldamente invitata.";"http://www.comune.navesanrocco.tn.it/content/download/7771/105336/1/Consiglio Comunale 31 gennaio 2017.pdf";2017-01-31T20:30:00+01:00;2017-01-31T23:30:00+01:00;;"Martedì 31 gennaio 2017";"Sala consiliare del Comune di Nave San Rocco";;;"Entrata gratuita";;;;;"Evento singolo";;;;;"alle ore 20.30";0;0;;
c0af262f4367d26927f2149eefa23dcd;2017-11-03T16:43:03+01:00;2017-11-03T16:43:03+01:00;"Presentazione del libro CYBERBULLISMO";;/var/nave/storage/images/il-territorio/eventi-dal-territorio/presentazione-del-libro-cyberbullismo/123081-1-ita-IT/Presentazione-del-libro-CYBERBULLISMO.jpg;"Giovedì 16 novembre 2017 alle ore 20.30 presso il Teatro di Nave San Rocco, verrà presentato il libro CYBERBULLISMO di Mauro Berti, Serena Valorzi e Michele Facci. Una serata per scoprire questo tema tratto in questo libro ma argomento attuale anche nelle scuole, nella vita di questi tempi. Scopri che cosa vuol dire, cosa si può fare per affrontarlo, per poter agire efficacemente da genitori, insegnanti od educatori davanti a situazioni simili.";"http://www.comune.navesanrocco.tn.it/content/download/9902/123083/1/cyber bullismo.JPG";2017-11-16T20:30:00+01:00;2017-11-16T23:30:00+01:00;;"Gioved' 16 novembre 2017";"Presso il Teatro Parrocchiale di Nave San Rocco";;;;;;;;"Evento singolo";;;;;"Dalle ore 20.30";0;0;;
28bb77ba6cb02dd00f6b5fdcd7ee988e;2017-10-03T10:05:00+02:00;2017-10-03T10:05:00+02:00;"""E SO TANTE SUL SOL LEVANTE""";;/var/nave/storage/images/il-territorio/eventi-dal-territorio/e-so-tante-sul-sol-levante/120970-1-ita-IT/E-SO-TANTE-SUL-SOL-LEVANTE.jpg;"La filodrammatica San Rocco torna con una nuova commedia sul palco sabato 16 dicembre alle ore 20.30 e domenica 17 dicembre alle ore 17.00! Che aspetti? Passaparola e...vieni a teatro!";;2017-12-17T17:00:00+01:00;2017-12-17T20:00:00+01:00;;"Domenica 17 dicembre 2017";"presso il Teatro parrocchiale di Nave San Rocco";"Per maggiori info consultare la pagina Facebook della Filo San Rocco";;;;;;;"Evento singolo";;;;;"Dalle ore 17.00";0;0;;
98a0a332856f5f7e7152f7ed3c9765b9;2017-10-03T10:02:13+02:00;2017-10-03T10:02:55+02:00;"""EN SO TANTE SUL SOL LEVANTE""";;/var/nave/storage/images/il-territorio/eventi-dal-territorio/en-so-tante-sul-sol-levante2/120945-1-ita-IT/EN-SO-TANTE-SUL-SOL-LEVANTE.jpg;"La filodrammatica San Rocco torna con una nuova commedia sul palco sabato 16 dicembre alle ore 20.30 e domenica 17 dicembre alle ore 17.00! Che aspetti? Passaparola e...vieni a teatro!";;2017-12-16T20:30:00+01:00;2017-12-16T23:30:00+01:00;;"Sabato 16 dicembre 2017";"presso il Teatro parrocchiale di Nave San Rocco";"Per maggiori info consultare la pagina Facebook della Filo San Rocco";;;;;;;"Evento singolo";;;;;"Dalle ore 20.30";0;0;;
9f66c91517f469717894e02d84f6d54e;2017-10-03T10:00:28+02:00;2017-10-03T10:00:28+02:00;"""EN SO TANTE SUL SOL LEVANTE""";;/var/nave/storage/images/il-territorio/eventi-dal-territorio/en-so-tante-sul-sol-levante/120920-1-ita-IT/EN-SO-TANTE-SUL-SOL-LEVANTE.jpg;"La filodrammatica San Rocco torna con una nuova commedia sul palco sabato 16 dicembre alle ore 20.30 e domenica 17 dicembre alle ore 17.00! Che aspetti? Passaparola e...vieni a teatro!";;2017-12-30T20:30:00+01:00;2017-12-16T23:30:00+01:00;;"Sabato 17 dicembre 2017";"presso il Teatro parrocchiale di Nave San Rocco";"Per maggiori info consultare la pagina Facebook della Filodrammatica San Rocco";;;;;;;"Evento singolo";;;;;"Dalle ore 20.30";0;0;;
83cab7bee4305e01c54f9781689e1156;2017-10-03T09:57:21+02:00;2017-10-03T09:57:21+02:00;"""LE SORELLE TRAPUNTA""";;/var/nave/storage/images/il-territorio/eventi-dal-territorio/le-sorelle-trapunta/120895-1-ita-IT/LE-SORELLE-TRAPUNTA.jpg;"Ultimo appuntamento con la rassegna teatrale della Filo San Rocco. Questo sabato &quot;Le sorelle trapunta&quot; spettacolo comico recitato dalla Filodrammatica di Viarago. Che aspetti? Passaparola e.... vieni a Teatro! ";;2017-12-30T20:30:00+01:00;2017-12-30T23:30:00+01:00;;"Sabato 30 dicembre 2017";"presso il Teatro parrocchiale di Nave San Rocco";"Per maggiori info consultare la pagina facebook della Filodrammatica San Rocco";;;;;;;"Evento singolo";;;;;"Dalle ore 20.30";0;0;;
f6030785805f137f2bb97e377a9ac7bc;2017-10-03T09:40:39+02:00;2017-10-03T09:40:39+02:00;"""COSSI NOL VAL""";;/var/nave/storage/images/il-territorio/eventi-dal-territorio/cossi-nol-val/120820-1-ita-IT/COSSI-NOL-VAL.jpg;"La rassegna della Filodrammatica San Rocco continua questo sabato con !Cossi nol val&quot;, uno spettacolo in dialetto trentino della Filodrammatica di Toblino! Che aspetti? Passaparola e ....vieni a Teatro!";;2017-12-02T20:30:00+01:00;2017-12-02T23:30:00+01:00;;"Sabato 02 dicembre 2017";"presso il Teatro parrochiale di Nave San Rocco";"Per maggiori info consultare la pagina Facebook della Filodrammatica San Rocco";;;;;;;"Evento singolo";;;;;"Dalle ore 20.30";0;0;;
d907dc41181cd8f62370b4fd473722c8;2017-10-03T09:37:52+02:00;2017-10-03T09:37:52+02:00;"""TUT COLPA DEL RAFREDOR""";;/var/nave/storage/images/il-territorio/eventi-dal-territorio/tut-colpa-del-rafredor2/120795-1-ita-IT/TUT-COLPA-DEL-RAFREDOR.jpg;"Inizia la stagione teatrale della Filodrammatica San Rocco con  ospiti la Filodrammatica di Lasino che presenta uno spettacolo comico in due atti dal titolo &quot;Tut colpa del Rafredor&quot;... che aspetti! Passaparola e vieni a Teatro! ";;2017-11-18T20:30:00+01:00;2017-11-19T00:00:00+01:00;;"Sabato 18 novembre 2017";"presso il Teatro di Nave San Rocco";"Per maggiori info consultare la pagina Facebook della Filodrammatica San Rocco";;;;;;;"Evento singolo";;;;;"Dalle ore 20.30";0;0;;
39528a03f3e78074ccbdcd20ccc1ba88;2017-10-03T09:34:37+02:00;2017-10-03T09:34:37+02:00;"""TUT COLPA DEL RAFREDOR""";;/var/nave/storage/images/il-territorio/eventi-dal-territorio/tut-colpa-del-rafredor/120770-1-ita-IT/TUT-COLPA-DEL-RAFREDOR.jpg;"Incomincia la rassegna della Filo San Rocco!La filodrammatica di Lasino presenta uno spettacolo comico in due atti in dialetto Trentino presso il teatro di Nave San Rocco... passaparola e vieni a Teatro!";;2017-11-18T20:30:00+01:00;2017-11-18T00:00:00+01:00;;"Sabato 18 novembre 2017";"presso il Teatro Parrochiale di Nave San rocco";"Per maggiori informazioni consultare la pagina Facebook della Filodrammatica San Rocco";;;;;;;"Evento singolo";;;;;;0;0;;
40f6497ad393b058dfbb9e1159d6399d;2017-10-03T09:25:17+02:00;2017-10-03T09:25:17+02:00;"TERRE CABARET";;/var/nave/storage/images/il-territorio/eventi-dal-territorio/terre-cabaret/terre-cabaret/120745-1-ita-IT/TERRE-CABARET.jpg;"Uno spettacolo comico vi aspetta a Zambana! Organizzata dalla Filodrammatica San Rocco e dalla Filodrammatica di Zambana arriva la seconda edizione di Terre Cabaret!";;2017-10-28T20:45:00+02:00;2017-10-28T23:30:00+02:00;;"Sabato 28 Ottobre 2017";"Teatro di Zambana";;;"8 Euro a persona";;;;;"Evento singolo";;;;;"Dalle ore 20.45";0;0;;
8e9a09408c01643dc2a3f86099d9973c;2017-10-03T09:23:35+02:00;2017-10-03T09:23:35+02:00;"TERRE CABARET";;/var/nave/storage/images/il-territorio/eventi-dal-territorio/terre-cabaret/120720-1-ita-IT/TERRE-CABARET.jpg;"Uno spettacolo comico vi aspetta a Zambana! Organizzata dalla Filodrammatica San Rocco e dalla Filodrammatica di Zambana arriva la seconda edizione di Terre Cabaret!";;2017-10-14T20:45:00+02:00;2017-10-14T23:30:00+02:00;;"Sabato 14 ottobre 2017";"Teatro di Zambana ";;;"8 Euro a persona ";;;;;"Evento singolo";;;;;;0;0;;
431d06a7f81de131bea861ae2bca3b31;2017-09-23T11:44:52+02:00;2017-09-23T11:44:52+02:00;"ORATORIO APERTO";;/var/nave/storage/images/il-territorio/eventi-dal-territorio/oratorio-aperto2/120035-1-ita-IT/ORATORIO-APERTO.jpg;"Il 13 ottobre e il 24 novembre dalle ore 19 alle ore 22 saranno aperte le Sale dell'Oratorio per i ragazzi delle MedieCena inclusa5,00 €";"http://www.comune.navesanrocco.tn.it/content/download/9473/120037/1/programma oratorio 2017.pdf";2017-11-24T19:00:00+01:00;2017-11-24T22:00:00+01:00;;"Venerdì 24 novembre 2017";"Presso le Sale dell'Oratorio";;;"5,00 €";;;;;"Evento singolo";;;;;"Dalle ore 19.00";0;0;;
8385f2054d6ef6f2f7859b0604d8f726;2017-09-23T11:42:27+02:00;2017-09-23T11:45:58+02:00;"ORATORIO APERTO";;/var/nave/storage/images/il-territorio/eventi-dal-territorio/oratorio-aperto/120010-1-ita-IT/ORATORIO-APERTO.jpg;"Il 13 ottobre e il 24 novembre dalle ore 19 alle ore 22 saranno aperte le Sale dell'Oratorio per i ragazzi delle MedieCena inclusa5,00 €";"http://www.comune.navesanrocco.tn.it/content/download/9472/120012/2/programma oratorio 2017.pdf";2017-10-13T19:00:00+02:00;2017-10-13T22:00:00+02:00;;"Venerdì 13 ottobre 2017";"Presso le Sale dell'Oratorio";;;"5,00 €";;;;;"Evento singolo";;;;;"Dalle ore 19.00";0;0;;
ce35c7e86fd2d9fa2bf2f086b187371c;2017-09-23T11:35:01+02:00;2017-09-23T11:35:01+02:00;"Notte in Oratorio";;/var/nave/storage/images/il-territorio/eventi-dal-territorio/serata-in-oratorio/notte-in-oratorio/119985-1-ita-IT/Notte-in-Oratorio.jpg;"Per i bambini delle elementari l'Oratorio organizza Notte in Oratorio! Ritrovo alle 17.30 per la Santa Messae poi....... Cena e notte in Oratorio!";;2017-11-11T17:30:00+01:00;2017-11-12T09:00:00+01:00;;"Sabato 11 novembre 2017";"Presos le Sale dell'Oratorio";"Contributo di 5,00 € a bambino";;;;;;;"Evento singolo";;;;;"Dalle ore 17.30";0;0;;
1a1cd6a911ac5600dd03b1f1ce6fb4ca;2017-09-23T11:26:54+02:00;2017-09-23T11:26:54+02:00;"FESTA STREGATA";;/var/nave/storage/images/il-territorio/eventi-dal-territorio/festa-stregata/119960-1-ita-IT/FESTA-STREGATA.jpg;"Dalle ore 19.30 alle 21.30 OFFERTA LIBERA";"http://www.comune.navesanrocco.tn.it/content/download/9470/119962/1/programma oratorio 2017.pdf";2017-10-31T19:30:00+01:00;2017-10-31T21:30:00+01:00;;"Martedì 31 ottobre 2017";"Presso le sale dell'Oratorio";"Offerta libera";"Scuole elementari";;;;;;"Evento singolo";;;;;"Dalle ore 19.30";0;0;;
efa8eef26bf8fad04534170722584d20;2017-09-23T11:22:42+02:00;2017-09-23T11:35:44+02:00;"Serata in Oratorio";;/var/nave/storage/images/il-territorio/eventi-dal-territorio/serata-in-oratorio/119935-1-ita-IT/Serata-in-Oratorio.jpg;"Ritrovo ad ore 17.30 per la Santa Messaa seguire cena e giochi in Oratorio!";"http://www.comune.navesanrocco.tn.it/content/download/9469/119937/2/programma oratorio 2017.pdf";2017-09-30T17:30:00+02:00;2017-09-30T23:00:00+02:00;;"Sabato 30 settembre 2017";"Sale dell'Oratorio";;;"Contributo di 5,00 €";;;;;"Evento singolo";;;;;"Dalle ore 17.30";0;0;;
bfa007d426768e3b7dfa0974c06e6980;2017-01-23T11:27:07+01:00;2017-01-23T11:28:13+01:00;"Estratti di memoria";;/var/nave/storage/images/il-territorio/eventi-dal-territorio/estratti-di-memoria/estratti-di-memoria/104918-1-ita-IT/Estratti-di-memoria.jpg;"Con alcune ragazze di Nave che negli anni hanno partecipato a &quot;Treno della memoria&quot; e &quot;Promemoria_Auschwitz.EU&quot; raccontiamo alla comunità questa esperienza con &quot;Estratti di Memoria&quot;, una mostra fotografica che ripercorre luoghi e momenti visti attraverso gli occhi delle giovani partecipanti.";"http://www.comune.navesanrocco.tn.it/content/download/7739/104920/2/estratti di memoria .pdf";2017-01-29T09:00:00+01:00;2017-01-29T12:00:00+01:00;;"Domenica 29 gennaio 2017";"Piazzale delle Scuole elementari di Nave San Rocco";;;"Entrata gratuita";;;;;"Evento singolo";;;;;"Dalle ore 09.00 alle ore 12.00";46.166569;11.109796;"via Ezio Maccani, Nave San Rocco, Trentino-Alto Adige, 38010, Italia";
d7a26f0f118d59904964029140c09213;2017-01-23T11:13:10+01:00;2017-01-23T11:24:19+01:00;"Estratti di memoria";;/var/nave/storage/images/il-territorio/eventi-dal-territorio/estratti-di-memoria/104893-1-ita-IT/Estratti-di-memoria.jpg;"Con alcune ragazze di Nave che negli anni hanno partecipato a &quot;Treno della memoria&quot; e &quot;Promemoria_Auschwitz.EU&quot; raccontiamo alla comunità questa esperienza con &quot;Estratti di Memoria&quot;, una mostra fotografica che ripercorre luoghi e momenti visti attraverso gli occhi delle giovani partecipanti.";"http://www.comune.navesanrocco.tn.it/content/download/7738/104895/4/estratti di memoria .pdf";2017-01-28T14:00:00+01:00;2017-01-28T20:00:00+01:00;;"Sabato 28 gennaio 2017";"Piazzale delle Scuole elementari di Nave San Rocco";"Inaugurazione della mostra alle ore 17.00 di sabato 28 gennaio.";;"Entrata libera";;;;;"Evento singolo";;;;;"Dalle ore 17.00 alle ore 20.00";46.166569;11.109849;"via Ezio Maccani, Nave San Rocco, Trentino-Alto Adige, 38010, Italia";
8bf2c06318f8f14baa2dd3fc80f73bf0;2017-01-12T09:21:05+01:00;2017-01-12T09:22:24+01:00;"Tuti boni de ciacerar";;/var/nave/storage/images/il-territorio/eventi-dal-territorio/tuti-boni-de-ciacerar/104599-1-ita-IT/Tuti-boni-de-ciacerar.jpg;"Terzo appuntamento della rassegna teatrale della Filodrammatica San Rocco. Ospiti in teatro la Filodrammatica Nino Berti di Rovereto. Regia di Loredana Cont.";;2017-01-14T20:45:00+01:00;2017-01-14T23:30:00+01:00;;"Sabato 14 gennaio 2017";"Teatro Parrocchiale di Nave San Rocco";"7,00 € ADULTI5,00 € BAMBINI fino ai 14 anniABBONAMENTI:ADULTI 18,00 €BAMBINI 12,00 €Prevendite presso il bazar Nave da lunedì 09 gennaio.Vendita a partire dalle 19.00 di sabato 14 gennaio presso il Teatro Parrocchiale San Rocco";;;;;;;"Evento singolo";;;;;20.45;46.166725;11.109087;"via Ezio Maccani, Nave San Rocco, Trentino-Alto Adige, 38010, Italia";
c3755299f2b316a56c6de54cd881453c;2016-12-19T21:54:21+01:00;2016-12-19T21:55:02+01:00;"Aspettando Mezzanotte";;/var/nave/storage/images/il-territorio/eventi-dal-territorio/aspettando-mezzanotte/104096-2-ita-IT/Aspettando-Mezzanotte.png;"L'annuale concerto di Natale della The Nautilus Band vi aspetta anche quest'anno per rallegrarvi con musiche e canzoni con una novità: la compagnia della Filo San Rocco con uno spettacolo che vi accompagnerà nella storia di Nave San Rocco e Zambana. A seguire un brindisi con vin brule e panettone offerto dall'associazione A. N. A. di Nave San Rocco. ";"http://www.comune.navesanrocco.tn.it/content/download/7692/104098/2/aspettando mezzanotte.pdf";2016-12-24T22:00:00+01:00;2016-12-25T00:30:00+01:00;;"Sabato 24 dicembre 2016";"Palestra Comunale di Nave San Rocco";;;"Entrata gratuita";;;;;"Evento singolo";;;;;"Alle ore 22.00 ";46.166465;11.109651;"via Ezio Maccani, Nave San Rocco, Trentino-Alto Adige, 38010, Italia";
c31fdd59775b3bf14220ea7cf16eeffa;2016-12-19T21:39:06+01:00;2016-12-19T21:39:06+01:00;"Consiglio Comunale";;/var/nave/storage/images/il-territorio/eventi-dal-territorio/consiglio-comunale/104071-1-ita-IT/Consiglio-Comunale.png;"Convocazione del Cosiglio Comunale";http://www.comune.navesanrocco.tn.it/content/download/7691/104073/1/Documento_Principale_F853-0006403-16_12_2016_P.pdf;2016-12-22T19:30:00+01:00;2016-12-22T23:00:00+01:00;;"Giovedì 22 dicembre 2016";"Sala Consigliare del Comune di Nave San Rocco";;;"Entrata gratuita";;;;;"Evento singolo";;;;;"Alle ore 19.30";46.167029;11.107478;"via Ezio Maccani, Nave San Rocco, Trentino-Alto Adige, 38010, Italia";
d4f822394947482e46be832cfe6f4cf5;2016-12-08T15:58:11+01:00;2016-12-08T16:01:18+01:00;"Aspettando Santa Lucia";;/var/nave/storage/images/il-territorio/eventi-dal-territorio/aspettando-santa-lucia/103512-1-ita-IT/Aspettando-Santa-Lucia.png;"Ritrovo presso il piazzale dell'Oratorio di Nave San Rocco.Sfilata per le vie del paese alla ricerca di Santa Lucia, distribuzione dei sacchetti con dolciumi e merenda.";"http://www.comune.navesanrocco.tn.it/content/download/7561/103514/3/Santa Lucia 2016.png";2016-12-12T17:00:00+01:00;2016-12-12T19:00:00+01:00;"Lunedì 12 dicembre ore 17";;"Piazzale dell'Oratorio di Nave San Rocco";"Ritrovo presso il piazzale dell'Oratorio di Nave San Rocco.Sfilata per le vie del paese alla ricerca di Santa Lucia, distribuzione dei sacchetti con dolciumi e merenda.";;;;;;;"Evento singolo";;;;;"A partire dalle ore 17";46.166695;11.108803;"via Ezio Maccani, Nave San Rocco, Trentino-Alto Adige, 38010, Italia";
d9ccc0d78b736817d62c7f2b364c0f34;2016-12-06T20:39:55+01:00;2016-12-06T20:40:54+01:00;"Mercatino di Solidarietà";;/var/nave/storage/images/il-territorio/eventi-dal-territorio/mercatino-di-solidarieta2/mercatino-di-solidarieta/103487-1-ita-IT/Mercatino-di-Solidarieta.jpg;"Il Gruppo Missionario vi aspetta nella casetta numero 3 a Trento in Via Garibaldi con tantissimi prodotti artigianali da comprare per sostenere i progetti in Africa";"http://www.comune.navesanrocco.tn.it/content/download/7560/103489/2/mercatino solidarietà Gruppo Missionario.pdf";2016-12-10T10:00:00+01:00;2016-12-10T19:00:00+01:00;;"Sabato 10 dicembre 2016";Trento;;;;;;;;"Evento singolo";;;;;"Dalle ore 10.00 alle ore 19.00";0;0;;
a94d01d278cdc3b0c766e4bbc6d617d9;2016-12-06T20:37:03+01:00;2016-12-06T20:37:59+01:00;"Mercatino di Solidarietà";;/var/nave/storage/images/il-territorio/eventi-dal-territorio/mercatino-di-solidarieta2/103462-2-ita-IT/Mercatino-di-Solidarieta.jpg;"Il Gruppo Missionario vi aspetta nella casetta numero 3 a Trento in Via Garibaldi con tantissimi prodotti artigianali da comprare per sostenere i progetti in Africa";"http://www.comune.navesanrocco.tn.it/content/download/7559/103464/2/mercatino solidarietà Gruppo Missionario.pdf";2016-12-09T10:00:00+01:00;2016-12-09T19:00:00+01:00;;"Venerdì 09 dicembre 2016";Trento;;;;;;;;"Evento singolo";;;;;"Dalle ore 10.00 alle ore 19.00 ";0;0;;
453f030d4739c9201c0c59f64f4018f2;2016-12-01T09:25:08+01:00;2016-12-02T08:44:33+01:00;"Mercatino di Solidarietà";;/var/nave/storage/images/il-territorio/eventi-dal-territorio/mercatino-di-solidarieta/mercatino-di-solidarieta/102996-1-ita-IT/Mercatino-di-Solidarieta.jpg;"L'ormai tradizionale Mercatino annuale di Solidarietà organizzato dal Gruppo Missionario di Nave San Rocco a sostegno dei progetti in terra africana.";http://www.comune.navesanrocco.tn.it/content/download/7531/102998/2/Locandina_mercatino_Gruppo_Missionario.pdf;2016-12-04T08:30:00+01:00;2016-12-04T11:30:00+01:00;;"Domenica 04 dicembre 2016";"Sale dell'ex Asilo";;;"Entrata libera";;;;;"Evento singolo";;;;;"Dalle 8.30 alle 11.30";46.166691;11.108798;"via Ezio Maccani, Nave San Rocco, Trentino-Alto Adige, 38010, Italia";
8f1cae91e7803ed62a58d0cae60aca27;2016-12-01T09:22:13+01:00;2016-12-02T08:43:42+01:00;"Mercatino di Solidarietà";;/var/nave/storage/images/il-territorio/eventi-dal-territorio/mercatino-di-solidarieta/102971-1-ita-IT/Mercatino-di-Solidarieta.jpg;"L'ormai tradizionale Mercatino annuale di Solidarietà organizzato dal Gruppo Missionario di Nave San Rocco a sostegno dei progetti in terra africana.";http://www.comune.navesanrocco.tn.it/content/download/7530/102973/2/Locandina_mercatino_Gruppo_Missionario.pdf;2016-12-03T17:30:00+01:00;2016-12-03T19:30:00+01:00;;"Sabato 03 dicembre 2016";"Sale dell'ex Asilo";;;"Entrata libera";;;;;"Evento singolo";;;;;"Dalle ore 17.30 alle ore 19.30";46.166688;11.108787;"via Ezio Maccani, Nave San Rocco, Trentino-Alto Adige, 38010, Italia";
b97cc80c1168d7ac4d8ba983fba068d2;2016-11-29T09:31:46+01:00;2016-11-29T09:32:28+01:00;"Special event: ""Donne nella mia vita""";;/var/nave/storage/images/il-territorio/eventi-dal-territorio/special-event-donne-nella-mia-vita/102681-1-ita-IT/Special-event-Donne-nella-mia-vita.jpg;"Ultimo appuntamento con Terre Cabaret in compagnia di Claudia Penoni che presenterà lo spettacolo &quot;Donne nella mia vita&quot; con la regia di Daniele Sala";"http://www.comune.navesanrocco.tn.it/content/download/7516/102683/2/Claudia Penoni.pdf";2016-12-03T20:45:00+01:00;2016-12-03T23:30:00+01:00;;"Sabato 03 dicembre 2016";"Teatro Comunale di Zambana";"Prevendite presso il Municipio di Zambana Giovedì 01 dicembre dalle ore 16.30 alle ore 17.00Vendita biglietti presso il teatro la sera stessa dello spettacolo a partire dalle 18.00Per ulteriori informazioni: Katia (3403231324)";;"Ingresso unico: 10,00 €";;;;;"Evento singolo";;;;;20.45;46.151197;11.096358;"Zambana, Trentino-Alto Adige, 38010, Italia";
35d79a0fb4b0df71cc6f5b1d0693ae2d;2016-11-21T11:08:39+01:00;2016-11-21T11:11:39+01:00;"Campionato Giovanissimi";"Partita nell'ambito del Campionato provinciale Giovanissimi ";/var/nave/storage/images/il-territorio/eventi-dal-territorio/partita-nell-ambito-del-campionato-provinciale-giovanissimi/102382-1-ita-IT/Partita-nell-ambito-del-Campionato-provinciale-Giovanissimi.jpg;"Domenica 27 novembre 2016 ad ore 10.30 presso il campo sportivo di Nave San Rocco in loc. Strada Alta avrà luogo la partita di calcio F.C. ADIGE - REDIVAL nell'ambito del campionato provinciale categoria Giovanissimi.";;2016-11-27T10:30:00+01:00;2016-11-27T12:00:00+01:00;;"domenica 27 novembre 2016";"Centro sportivo ""Graziano Dallabetta"" loc. Strada Alta ";;;;;;;;"Evento singolo";;;;;10.30;46.169192;11.087506;"localit&agrave; Strada Alta, Nave San Rocco, Trentino-Alto Adige, 38010, Italia";
3912b0f66c46c067ad4791a943bd6d81;2016-11-19T18:23:45+01:00;2016-11-19T18:23:45+01:00;"En proces coi fiochi";;/var/nave/storage/images/il-territorio/eventi-dal-territorio/en-proces-coi-fiochi/102302-1-ita-IT/En-proces-coi-fiochi.jpg;"Ultimo appuntamento della rassegna teatrale della Filodrammatica San Rocco. Ospiti in teatro il Gruppo &quot;Far Comedia&quot; di San Michele a/A.";"http://www.comune.navesanrocco.tn.it/content/download/7488/102304/1/Locandina Filodrammatica.jpg";2017-01-28T20:45:00+01:00;2017-01-28T23:30:00+01:00;;"Sabato 28 gennaio 2017";"Teatro Parrocchiale di Nave San Rocco";"INGRESSO UNICO 5€ABBONAMENTI:ADULTI 18,00 €BAMBINI 12,00 €Prevendite presso il bazar Nave da lunedì 23 gennaio.Abbonamenti in vendita dal 07 novembre.Vendita a partire dalle 19.00 di sabato 28 gennaio 2017 presso il Teatro San Rocco";;;;;;;"Evento singolo";;;;;20.45;46.16671;11.1092;"via Ezio Maccani, Nave San Rocco, Trentino-Alto Adige, 38010, Italia";
5999ca407fd0a60ff11cca7624bd99c4;2016-11-16T18:34:58+01:00;2016-11-16T18:35:49+01:00;"Laboratorio di Fitoterapia e Galenica su creme e sciroppi con il dottor Sergio Cattani";;/var/nave/storage/images/il-territorio/eventi-dal-territorio/filo3/laboratorio-di-fitoterapia-e-galenica-su-creme-e-sciroppi-con-il-dottor-sergio-cattani/102210-1-ita-IT/Laboratorio-di-Fitoterapia-e-Galenica-su-creme-e-sciroppi-con-il-dottor-Sergio-Cattani.jpg;"Prima di due serate del corso per creare un prodotto fai da tè. ";"http://www.comune.navesanrocco.tn.it/content/download/7483/102212/2/fitoterapia 2016 CORSI.pdf";2016-11-29T20:00:00+01:00;2016-11-29T22:00:00+01:00;;"Martedì 29  novembre 2016";"Biblioteca Comunale di Nave San Rocco";"Precedenza ai residentiIl termine per iscriversi è venerdì 25 novembre 2016E' previsto un numero minimo di 6 e numero massimo di 15 partecipantiSi invitano i partecipanti a portarsi i contenitori in vetro o confezioni di creme.Per ulteriori informazioni: 0461608182 - EMAIL: mezzocorona@biblio.infotn.it";;;;;;;"Evento singolo";;;;;20.00;46.167312;11.110493;"via Ezio Maccani, Nave San Rocco, Trentino-Alto Adige, 38010, Italia";
c939ef7e2b4bba5ed24ed48b059d6c5c;2016-11-16T18:18:12+01:00;2016-11-16T18:19:03+01:00;"ARE ERE IRE: Creare, Leggere, Scoprire le tradizioni del Natale Alpino";;/var/nave/storage/images/il-territorio/eventi-dal-territorio/il-professor-scatolini-esperto-di-rifiuti/are-ere-ire-creare-leggere-scoprire-le-tradizioni-del-natale-alpino/102185-1-ita-IT/ARE-ERE-IRE-Creare-Leggere-Scoprire-le-tradizioni-del-Natale-Alpino.jpg;"Laboratorio per bambini a cura della Biblioteca Intercomunale di Mezzocorona, Rovere' della Luna e Nave San RoccoPER INFORMAZIONI:  TELEFONO 0461 608182 - E-MAIL mezzocorona@biblio.infotn.it";"http://www.comune.navesanrocco.tn.it/content/download/7482/102187/2/LABORATORI BIMBI NAVE.pdf";2016-12-02T14:00:00+01:00;2016-12-02T16:00:00+01:00;;"Venerdì 02 dicembre 2016 ";;"Interverranno alcune persone dell'Università della Terza Età.I bambini si (S)copriamo i venerdì sono automaticamente iscritti.E' indispensabile iscriversi in biblioteca entro il 01.12.2016I bambini di 3, 4 e 5 anni vanno accompagnati";;;;;;;"Evento singolo";;;;;14.00;0;0;;
7b9d400b79f6c8fb95c8bd9f856d2c46;2016-11-16T18:05:32+01:00;2016-11-22T21:47:16+01:00;"Il professor Scatoloni: esperto di rifiuti";;/var/nave/storage/images/il-territorio/eventi-dal-territorio/il-professor-scatoloni-esperto-di-rifiuti/102160-3-ita-IT/Il-professor-Scatoloni-esperto-di-rifiuti.jpg;"Animazione comica per bambini a cura della Bibioteca Intercomunale di Mezzocorona, Rovere' della Luna e Nave San Rocco. Nicola Sordo impersona il Professor Scatoloni per farci passare un pomeriggio di risate";"http://www.comune.navesanrocco.tn.it/content/download/7481/102162/5/TEATRO sordo_1.pdf";2016-12-07T17:00:00+01:00;2016-12-07T19:30:00+01:00;;"Mercoledì 07 dicembre 2016";"Oratorio di Nave San Rocco";"Dedicato a tutti i bambini dai 5 anni in su";;"Ingresso gratuito";;;;;"Evento singolo";;;;;17.00;46.166758;11.108766;"Via Ezio Maccani, Nave San Rocco, Trentino-Alto Adige/S&uuml;dtirol, 38015, Italy";
2bb91d686777463159a173c6a96a3a49;2016-11-16T17:55:46+01:00;2016-11-16T18:24:25+01:00;Filò;;/var/nave/storage/images/il-territorio/eventi-dal-territorio/filo3/102135-1-ita-IT/Filo.jpg;"Ogni Mercoledì sera, ci si ritrova in compagnia per costruire, cucire, pensare ed ideare mille fantasticherie per il Mercatino Solidale del Gruppo Missionario di Nave San Rocco";;2016-11-30T20:00:00+01:00;2016-11-30T23:30:00+01:00;;"Ogni Mercoledì ";"Oratorio di Nave San Rocco";;;"Entrata gratuita";;;;;"Evento singolo";;;;;20.00;46.166751;11.108771;"via Ezio Maccani, Nave San Rocco, Trentino-Alto Adige, 38010, Italia";
46f7c304c0fef6eea49a863771acf269;2016-11-16T14:15:16+01:00;2016-11-16T18:23:28+01:00;Filò;;/var/nave/storage/images/il-territorio/eventi-dal-territorio/filo2/102064-1-ita-IT/Filo.jpg;"Ogni Mercoledì sera, ci si ritrova in compagnia per costruire, cucire, pensare ed ideare mille fantasticherie per il Mercatino Solidale del Gruppo Missionario di Nave San Rocco";;2016-11-23T20:00:00+01:00;2016-11-23T23:30:00+01:00;;"Ogni Mercoledì ";"Oratorio di Nave San Rocco";;;"Entrata gratuita";;;;;"Evento singolo";;;;;20.00;46.166743;11.108766;"via Ezio Maccani, Nave San Rocco, Trentino-Alto Adige, 38010, Italia";
c15fc8fbf357e29e1abc1a84cd86b1f6;2016-11-16T09:21:05+01:00;2016-11-16T18:20:14+01:00;"Filò ";;/var/nave/storage/images/il-territorio/eventi-dal-territorio/filo/102024-1-ita-IT/Filo.jpg;"Ogni Mercoledì sera, ci si ritrova in compagnia per costruire, cucire, pensare ed ideare mille fantasticherie per il Mercatino Solidale del Gruppo Missionario di Nave San Rocco";;2016-11-16T20:00:00+01:00;2016-11-16T23:30:00+01:00;;"Ogni Mercoledì ";"Oratorio di Nave San Rocco";;;"Entrata gratuita";;;;;"Evento singolo";;;;;20.00;46.16674;11.108825;"via Ezio Maccani, Nave San Rocco, Trentino-Alto Adige, 38010, Italia";
88a212a0737c798e71c8c5e9aeb4174f;2016-11-15T12:13:10+01:00;2016-11-16T18:21:19+01:00;"Articolo Trentino... a 30 smetto... vent'anni di musica e storie vissuti insulsamente";;/var/nave/storage/images/il-territorio/eventi-dal-territorio/la-parona-del-grant-hotel-internazional/articolo-trentino-a-30-smetto-vent-anni-di-musica-e-storie-vissuti-insulsamente/101984-1-ita-IT/Articolo-Trentino-a-30-smetto-vent-anni-di-musica-e-storie-vissuti-insulsamente.jpg;"Quarto appuntamento della stagione comica. Una serata in compagnia degli Articolo Trentino";"http://www.comune.navesanrocco.tn.it/content/download/7471/101986/5/TERRE CABARET.jpg";2016-11-18T20:45:00+01:00;2016-11-18T23:30:00+01:00;;"Venerdì 18 novembre";"Teatro Comunale di Zambana";"Per info: Katia (3403231324)";;;;;;;"Evento singolo";;;;;20.45;46.151122;11.097673;"piazza santi Filippo e Giacomo, Zambana, Trentino-Alto Adige, 38010, Italia";
c91c4a56f2e6b6d647c950326b9aac21;2016-11-15T11:25:18+01:00;2016-11-19T18:47:35+01:00;"Commedia ""Bastava na bota""";;/var/nave/storage/images/il-territorio/eventi-dal-territorio/commedia-bastava-na-bota/101959-6-ita-IT/Commedia-Bastava-na-bota.jpg;"Primo appuntamento della rassegna teatrale della Filodrammatica San Rocco. Ospiti in teatro la Filo Concordia 74 di Povo. Regia di Barbara Viola.";"http://www.comune.navesanrocco.tn.it/content/download/7470/101961/10/RASSEGNA TEATRALE 2016.jpg";2016-11-19T20:45:00+01:00;2016-11-19T23:00:00+01:00;;"Sabato 19 novembre 2016";"Teatro Parrocchiale di Nave San Rocco";"7,00 € ADULTI5,00 € BAMBINI fino ai 14 anniABBONAMENTI:ADULTI 18,00 €BAMBINI 12,00 €Prevendite presso il bazar Nave da lunedì 14 novembre.Abbonamenti in vendita dal 07 novembre.Vendita a partire dalle 19.00 di sabato 19 novembre presso il Teatro Parrochiale San Rocco";;;;;;;"Evento singolo";;;;;20.45;46.166728;11.109104;"via Ezio Maccani, Nave San Rocco, Trentino-Alto Adige, 38010, Italia";
50233d0b3b3f1448fa99d146cd35eff2;2016-11-15T11:24:59+01:00;2016-11-15T12:04:04+01:00;"La parona del Grant Hotel Internazional";;/var/nave/storage/images/il-territorio/eventi-dal-territorio/la-parona-del-grant-hotel-internazional/101934-3-ita-IT/La-parona-del-Grant-Hotel-Internazional.jpg;"Nel secondo spettacolo della Rassegna teatrale 2016 - 2017 va in scena la Filodrammatica ACS Punto3 di Canale di Tenno.";;2016-12-17T20:45:00+01:00;2016-12-17T23:00:00+01:00;;"Sabato 17 dicembre 2016";"Teatro parrocchiale di Nave San Rocco";"7,00 € ADULTI5,00 € BAMBINI fino ai 14 anniABBONAMENTI:ADULTI 18,00 €BAMBINI 12,00 €Prevendite presso il bazar Nave da lunedì 12 dicembre.Abbonamenti in vendita dal 07 novembre.Vendita a partire dalle 19.00 di sabato 19 novembre presso il Teatro San Rocco";;;;;;;"Evento singolo";;;;;;46.166714;11.109104;"via Ezio Maccani, Nave San Rocco, Trentino-Alto Adige, 38010, Italia";
dc73364e078466f9a56665211da45b22;2019-01-02T11:39:06+01:00;2019-01-02T11:39:06+01:00;"""Dighe de Yes""";"Commedia in dialetto trentino";/var/nave/storage/images/il-territorio/eventi-dal-territorio/commedia-in-dialetto-trentino/148703-1-ita-IT/Commedia-in-dialetto-trentino.jpg;"Il 06 gennaio l'Oratorio e la Filodrammatica di Nave San Rocco invitano tutta la comunità ad uno spettacolo in dialetto trentino alle ore 16, il gruppo &quot;Far comedia&quot; dell'Oratorio di San Michele si esibisce per noi!Vi aspettiamo dopo la benedizione dei bambini che si terrà alle 15.00 in Chiesa.A seguire ricca merenda!";;2019-01-06T16:00:00+01:00;2019-01-06T18:30:00+01:00;;"Domenica 06 gennaio 2019";"Teatro Parrocchiale di Nave San Rocco";"Ingresso libero ad offerta";;;;;;;"Evento singolo";;;;;"Alle ore 16";0;0;;
